entries	operation	engine	open_ms	edit_ms	commit_ms	V2_ms	V3_ms	V5_ms	load1
100000	first	updater	747.854	28.300	7.342	0.002	0.000	0.983	4.70
100000	first	rewriter	657.793	40.791	1874.372	0.000	0.000	0.000	4.70
100000	last	updater	745.187	29.157	4.708	0.282	0.000	0.001	4.70
100000	last	rewriter	655.328	39.590	1843.673	0.000	0.000	0.000	4.70
100000	same	updater	734.477	28.277	5.082	0.159	0.000	0.001	4.70
100000	same	rewriter	652.979	41.595	3373.098	0.000	0.000	0.000	4.70
100000	long	updater	736.899	30.238	5.373	0.160	0.000	0.435	4.70
100000	long	rewriter	656.761	42.146	2262.805	0.000	0.000	0.000	4.70
100000	add	updater	738.119	29.088	3.183	0.000	0.134	0.001	4.70
100000	add	rewriter	659.188	39.618	1915.259	0.000	0.000	0.000	4.70
100000	replace	updater	734.358	59.868	5.779	0.199	0.096	0.413	4.70
100000	replace	rewriter	654.639	38.733	1990.921	0.000	0.000	0.000	4.70
