format	mode	progress	entries	integrity	order_and_sizes
zip	recursive	False	125	pass	pass
zip	recursive	True	125	pass	pass
zip	items	False	125	pass	pass
zip	items	True	125	pass	pass
zip	batch	False	125	pass	pass
zip	batch	True	125	pass	pass
tar	recursive	False	125	pass	pass
tar	recursive	True	125	pass	pass
tar	items	False	125	pass	pass
tar	items	True	125	pass	pass
tar	batch	False	125	pass	pass
tar	batch	True	125	pass	pass
tgz	recursive	False	125	pass	pass
tgz	recursive	True	125	pass	pass
tgz	items	False	125	pass	pass
tgz	items	True	125	pass	pass
tgz	batch	False	125	pass	pass
tgz	batch	True	125	pass	pass
tbz	recursive	False	125	pass	pass
tbz	recursive	True	125	pass	pass
tbz	items	False	125	pass	pass
tbz	items	True	125	pass	pass
tbz	batch	False	125	pass	pass
tbz	batch	True	125	pass	pass
txz	recursive	False	125	pass	pass
txz	recursive	True	125	pass	pass
txz	items	False	125	pass	pass
txz	items	True	125	pass	pass
txz	batch	False	125	pass	pass
txz	batch	True	125	pass	pass
7z	recursive	False	125	pass	pass
7z	recursive	True	125	pass	pass
7z	items	False	125	pass	pass
7z	items	True	125	pass	pass
7z	batch	False	125	pass	pass
7z	batch	True	125	pass	pass
lha	recursive	False	125	pass	pass
lha	recursive	True	125	pass	pass
lha	items	False	125	pass	pass
lha	items	True	125	pass	pass
lha	batch	False	125	pass	pass
lha	batch	True	125	pass	pass
