experiment	round	format	mode	wall_s	parent_wall_s	user_s	sys_s	load1	load5	load15	output_bytes	exit
baseline	0	zip	batch	1.45	1.457442	2.65	1.92	3.277	4.054	5.136	66456798	0
baseline	0	zip	7zz	9.34	9.348280	3.86	8.30	3.277	4.054	5.136	66623210	0
baseline	0	7z	batch	3.31	3.319862	17.44	2.45	3.228	4.019	5.111	66978862	0
baseline	0	7z	items	3.24	3.245300	14.85	1.96	3.228	4.019	5.111	66978862	0
baseline	1	7z	items	3.25	3.260057	14.86	1.95	3.049	3.969	5.086	66978862	0
baseline	1	7z	batch	3.30	3.312159	17.27	2.57	3.445	4.036	5.103	66978862	0
baseline	1	zip	7zz	9.58	9.585265	3.90	8.50	3.445	4.036	5.103	66623210	0
baseline	1	zip	batch	1.44	1.445108	2.64	1.87	3.523	4.034	5.089	66456798	0
baseline	2	zip	batch	1.42	1.430802	2.62	1.81	3.882	4.099	5.106	66456798	0
baseline	2	zip	7zz	9.47	9.476535	3.88	8.39	3.882	4.099	5.106	66623210	0
baseline	2	7z	batch	3.31	3.319945	17.32	2.59	3.746	4.062	5.081	66978862	0
baseline	2	7z	items	3.18	3.190154	14.78	1.85	3.746	4.062	5.081	66978862	0
baseline	3	7z	items	3.18	3.183568	14.82	1.84	3.605	4.028	5.062	66978862	0
baseline	3	7z	batch	3.29	3.301080	17.27	2.57	3.877	4.077	5.074	66978862	0
baseline	3	zip	7zz	9.44	9.451706	3.87	8.36	3.877	4.077	5.074	66623210	0
baseline	3	zip	batch	1.44	1.442735	2.62	1.89	3.889	4.074	5.061	66456798	0
direct	0	zip	batch	1.55	1.559583	2.63	1.73	4.217	4.059	4.902	66456798	0
direct	0	zip	7zz	9.21	9.220867	3.72	8.17	4.217	4.059	4.902	66623210	0
direct	0	7z	batch	3.32	3.323192	17.45	2.46	3.875	3.991	4.868	66978862	0
direct	0	7z	items	3.19	3.194599	14.73	1.92	4.045	4.024	4.874	66978862	0
direct	1	7z	items	3.21	3.214187	14.74	1.95	4.282	4.073	4.886	66978862	0
direct	1	7z	batch	3.31	3.322787	17.18	2.65	4.282	4.073	4.886	66978862	0
direct	1	zip	7zz	9.82	9.832247	3.96	8.74	4.739	4.171	4.916	66623210	0
direct	1	zip	batch	1.27	1.272880	2.66	1.86	4.558	4.149	4.899	66456798	0
direct	2	zip	batch	1.26	1.270340	2.67	1.85	4.558	4.149	4.899	66456798	0
direct	2	zip	7zz	9.63	9.639957	3.98	8.55	4.558	4.149	4.899	66623210	0
direct	2	7z	batch	3.33	3.338167	17.26	2.65	6.406	4.543	5.029	66978862	0
direct	2	7z	items	3.20	3.211184	14.76	1.92	6.774	4.650	5.064	66978862	0
direct	3	7z	items	3.19	3.201137	14.68	1.91	6.712	4.672	5.069	66978862	0
direct	3	7z	batch	3.39	3.394638	17.39	2.61	6.712	4.672	5.069	66978862	0
direct	3	zip	7zz	9.52	9.525310	3.87	8.45	7.055	4.777	5.104	66623210	0
direct	3	zip	batch	1.26	1.264645	2.68	1.81	6.438	4.718	5.079	66456798	0
unified	0	zip	batch	1.61	1.622337	2.65	1.84	3.845	4.093	4.740	66456798	0
unified	0	zip	7zz	10.06	10.064231	4.06	8.91	3.845	4.093	4.740	66623210	0
unified	0	7z	batch	3.52	3.522702	16.93	2.44	4.957	4.320	4.812	66978862	0
unified	0	7z	items	3.24	3.244484	14.72	1.92	5.361	4.415	4.843	66978862	0
unified	1	7z	items	3.23	3.235227	14.79	1.88	5.361	4.415	4.843	66978862	0
unified	1	7z	batch	3.58	3.583364	17.26	2.38	6.613	4.689	4.937	66978862	0
unified	1	zip	7zz	9.54	9.548171	3.93	8.48	6.724	4.744	4.955	66623210	0
unified	1	zip	batch	1.27	1.275676	2.67	1.81	6.378	4.735	4.949	66456798	0
unified	2	zip	batch	1.27	1.274986	2.64	1.77	6.378	4.735	4.949	66456798	0
unified	2	zip	7zz	9.67	9.682457	3.93	8.59	6.378	4.735	4.949	66623210	0
unified	2	7z	batch	3.52	3.527792	17.26	2.35	5.778	4.661	4.919	66978862	0
unified	2	7z	items	3.18	3.191757	14.81	1.86	6.116	4.749	4.949	66978862	0
unified	3	7z	items	3.18	3.184214	14.81	1.85	6.116	4.749	4.949	66978862	0
unified	3	7z	batch	3.57	3.581557	17.31	2.46	6.026	4.753	4.949	66978862	0
unified	3	zip	7zz	9.73	9.739365	3.97	8.64	5.944	4.757	4.949	66623210	0
unified	3	zip	batch	1.27	1.276245	2.68	1.80	5.651	4.732	4.937	66456798	0
window2	0	7z	batch	3.56	3.564821	15.92	2.69	5.751	4.547	4.780	66978862	0
window2	0	7z	items	3.29	3.297654	14.90	2.01	5.751	4.547	4.780	66978862	0
window2	1	7z	items	3.88	3.891818	14.93	2.00	5.771	4.571	4.787	66978862	0
window2	1	7z	batch	3.33	3.340941	16.21	2.65	5.949	4.627	4.805	66978862	0
window2	2	7z	batch	3.23	3.236266	16.27	2.59	5.873	4.633	4.806	66978862	0
window2	2	7z	items	3.15	3.161897	14.80	1.82	5.873	4.633	4.806	66978862	0
window2	3	7z	items	3.17	3.173134	14.81	1.81	6.203	4.722	4.836	66978862	0
window2	3	7z	batch	3.24	3.249751	16.23	2.63	8.589	5.241	5.019	66978862	0
window1	0	7z	batch	3.63	3.636698	14.36	2.29	3.676	4.494	4.750	66978862	0
window1	0	7z	items	3.22	3.231661	14.93	1.94	3.862	4.519	4.757	66978862	0
window1	1	7z	items	3.31	3.313764	15.28	1.97	4.033	4.543	4.764	66978862	0
window1	1	7z	batch	3.54	3.546253	14.86	2.45	4.033	4.543	4.764	66978862	0
window1	2	7z	batch	3.36	3.371205	14.74	2.29	4.510	4.633	4.794	66978862	0
window1	2	7z	items	3.25	3.258518	15.21	1.91	4.790	4.689	4.813	66978862	0
window1	3	7z	items	3.31	3.316646	14.84	1.93	4.790	4.689	4.813	66978862	0
window1	3	7z	batch	3.27	3.281382	14.32	2.20	5.207	4.777	4.843	66978862	0
inline	0	zip	batch	1.59	1.599318	2.68	1.84	2.385	3.948	4.507	66456798	0
inline	0	zip	7zz	9.62	9.626587	3.93	8.51	2.385	3.948	4.507	66623210	0
inline	0	7z	batch	3.20	3.207639	14.91	1.89	2.405	3.899	4.483	66978862	0
inline	0	7z	items	3.19	3.202412	14.89	1.87	2.405	3.899	4.483	66978862	0
inline	1	7z	items	3.28	3.284010	14.85	1.92	2.933	3.984	4.509	66978862	0
inline	1	7z	batch	3.28	3.289105	14.93	1.96	3.338	4.050	4.529	66978862	0
inline	1	zip	7zz	9.60	9.605588	3.89	8.52	3.338	4.050	4.529	66623210	0
inline	1	zip	batch	1.26	1.270850	2.68	1.88	3.593	4.081	4.534	66456798	0
inline	2	zip	batch	1.26	1.271596	2.68	1.78	3.866	4.129	4.548	66456798	0
inline	2	zip	7zz	9.63	9.636508	3.92	8.55	3.866	4.129	4.548	66623210	0
inline	2	7z	batch	3.20	3.211674	14.94	1.90	4.033	4.157	4.553	66978862	0
inline	2	7z	items	3.20	3.208725	14.88	1.88	4.033	4.157	4.553	66978862	0
inline	3	7z	items	3.21	3.220745	14.82	1.89	4.351	4.221	4.573	66978862	0
inline	3	7z	batch	3.20	3.207429	14.93	1.89	4.723	4.300	4.599	66978862	0
inline	3	zip	7zz	9.57	9.577733	3.90	8.49	4.723	4.300	4.599	66623210	0
inline	3	zip	batch	1.27	1.275490	2.69	1.83	4.384	4.240	4.574	66456798	0
final	0	zip	baseline-batch	1.43	1.437207	2.67	1.88	2.552	3.565	4.239	66456798	0
final	0	zip	batch	1.55	1.560003	2.63	1.66	2.748	3.589	4.243	66456798	0
final	0	zip	7zz	9.24	9.248824	3.71	8.19	2.748	3.589	4.243	66623210	0
final	0	7z	baseline-items	3.17	3.175900	14.86	1.77	2.793	3.569	4.229	66978862	0
final	0	7z	baseline-batch	3.47	3.481379	17.31	2.71	2.793	3.569	4.229	66978862	0
final	0	7z	items	3.12	3.125876	14.92	1.73	2.649	3.526	4.209	66978862	0
final	0	7z	batch	3.17	3.177367	15.61	1.62	3.077	3.600	4.231	66978862	0
final	1	7z	batch	3.20	3.211149	15.65	1.62	3.077	3.600	4.231	66978862	0
final	1	7z	items	3.13	3.141421	14.84	1.79	3.471	3.673	4.253	66978862	0
final	1	7z	baseline-batch	3.33	3.333538	17.43	2.51	3.753	3.728	4.269	66978862	0
final	1	7z	baseline-items	3.17	3.178298	14.88	1.83	3.753	3.728	4.269	66978862	0
final	1	zip	7zz	9.51	9.521577	3.88	8.45	3.933	3.766	4.279	66623210	0
final	1	zip	batch	1.23	1.238141	2.67	1.68	3.635	3.707	4.251	66456798	0
final	1	zip	baseline-batch	1.45	1.462642	2.69	1.83	3.635	3.707	4.251	66456798	0
final	2	zip	baseline-batch	1.92	1.926277	2.65	1.90	3.635	3.707	4.251	66456798	0
final	2	zip	batch	1.23	1.233898	2.66	1.70	3.584	3.694	4.244	66456798	0
final	2	zip	7zz	9.33	9.337854	3.85	8.29	3.584	3.694	4.244	66623210	0
final	2	7z	baseline-items	3.22	3.223829	14.66	1.88	3.581	3.688	4.235	66978862	0
final	2	7z	baseline-batch	3.31	3.317786	17.44	2.47	4.174	3.809	4.274	66978862	0
final	2	7z	items	3.13	3.136136	15.01	1.72	4.174	3.809	4.274	66978862	0
final	2	7z	batch	3.22	3.240481	15.52	1.67	4.080	3.795	4.267	66978862	0
final	3	7z	batch	3.17	3.175666	15.51	1.66	4.080	3.795	4.267	66978862	0
final	3	7z	items	3.13	3.135248	15.03	1.72	3.993	3.782	4.259	66978862	0
final	3	7z	baseline-batch	3.32	3.328507	17.49	2.41	4.154	3.818	4.269	66978862	0
final	3	7z	baseline-items	4.01	4.022436	14.79	1.93	4.154	3.818	4.269	66978862	0
final	3	zip	7zz	9.87	9.875708	3.93	8.70	3.901	3.771	4.249	66623210	0
final	3	zip	batch	1.27	1.277137	2.67	1.76	4.156	3.828	4.264	66456798	0
final	3	zip	baseline-batch	1.46	1.470863	2.69	1.85	4.156	3.828	4.264	66456798	0
correction1	0	zip	baseline-batch	1.51	1.518310	2.69	2.00	2.312	2.911	3.720	66456798	0
correction1	0	zip	batch	1.81	1.814604	2.70	1.84	2.312	2.911	3.720	66456798	0
correction1	0	zip	7zz	9.93	9.937190	3.96	8.81	2.687	2.979	3.739	66623210	0
correction1	0	7z	baseline-items	3.19	3.201383	15.16	1.77	4.220	3.306	3.846	66978862	0
correction1	0	7z	baseline-batch	3.35	3.354735	17.69	2.41	4.220	3.306	3.846	66978862	0
correction1	0	7z	items	3.20	3.202766	15.12	1.78	4.603	3.400	3.876	66978862	0
correction1	0	7z	batch	3.27	3.281830	15.34	1.90	4.394	3.377	3.865	66978862	0
correction1	1	7z	batch	3.23	3.234048	15.37	1.84	4.394	3.377	3.865	66978862	0
correction1	1	7z	items	3.21	3.221398	15.07	1.84	4.923	3.503	3.906	66978862	0
correction1	1	7z	baseline-batch	3.37	3.381611	17.76	2.49	4.923	3.503	3.906	66978862	0
correction1	1	7z	baseline-items	3.21	3.221993	15.13	1.82	4.608	3.461	3.889	66978862	0
correction1	1	zip	7zz	9.59	9.594592	3.93	8.51	5.120	3.586	3.931	66623210	0
correction1	1	zip	batch	1.23	1.240003	2.67	1.67	5.156	3.648	3.948	66456798	0
correction1	1	zip	baseline-batch	1.46	1.464219	2.69	1.82	5.156	3.648	3.948	66456798	0
correction1	2	zip	baseline-batch	1.44	1.452493	2.68	1.81	5.156	3.648	3.948	66456798	0
correction1	2	zip	batch	1.25	1.256075	2.68	1.68	4.983	3.637	3.942	66456798	0
correction1	2	zip	7zz	9.40	9.409297	3.87	8.34	4.983	3.637	3.942	66623210	0
correction1	2	7z	baseline-items	3.18	3.190908	14.84	1.87	4.524	3.583	3.919	66978862	0
correction1	2	7z	baseline-batch	3.37	3.377266	17.70	2.47	4.524	3.583	3.919	66978862	0
correction1	2	7z	items	3.21	3.216020	14.89	1.90	5.123	3.723	3.966	66978862	0
correction1	2	7z	batch	3.20	3.209862	15.24	1.84	5.112	3.744	3.972	66978862	0
correction1	3	7z	batch	3.21	3.219588	15.26	1.85	5.112	3.744	3.972	66978862	0
correction1	3	7z	items	3.20	3.212382	15.01	1.82	5.423	3.831	4.001	66978862	0
correction1	3	7z	baseline-batch	3.37	3.373209	17.70	2.52	5.469	3.866	4.012	66978862	0
correction1	3	7z	baseline-items	3.19	3.198538	14.87	1.87	5.469	3.866	4.012	66978862	0
correction1	3	zip	7zz	9.54	9.544479	3.92	8.48	5.592	3.918	4.029	66623210	0
correction1	3	zip	batch	1.26	1.264546	2.70	1.70	5.039	3.854	4.005	66456798	0
correction1	3	zip	baseline-batch	1.45	1.461224	2.69	1.84	5.039	3.854	4.005	66456798	0
