run	layout	codec	operation	stage	wall_ms	plan_ms	encode_worker_ms	copy_ms	selfcheck_ms	reencoded_bytes	reencoded_old_bytes	carried_bytes	carried_chunks	encoded_chunks	scratch_bytes	output_bytes	load1	load5	load15	limit_ms	load_wait_s
initial	new	tgz	append	commit	33.732	2.802	0.113	28.842	0.164	14336	0	217752671	478	2	14336	217752778	3.71	5.76	6.25	600.000	0
initial	new	tgz	append	k5	249.194	2.802	0.113	28.842	0.164	14336	0	217752671	478	2	14336	217752778	3.71	5.76	6.25	600.000	0
initial	new	tgz	delete-small	commit	59.153	2.987	24.464	28.443	1.407	1052160	1046016	217350154	477	2	6144	217752077	3.58	5.70	6.23	600.000	0
initial	new	tgz	delete-small	k5	253.701	2.987	24.464	28.443	1.407	1052160	1046016	217350154	477	2	6144	217752077	3.58	5.70	6.23	600.000	0
initial	new	tgz	rename-same	commit	59.286	3.690	24.445	27.990	1.360	1052160	1047552	217350154	477	2	4608	217752712	3.58	5.70	6.23	600.000	0
initial	new	tgz	rename-same	k5	247.413	3.690	24.445	27.990	1.360	1052160	1047552	217350154	477	2	4608	217752712	3.58	5.70	6.23	600.000	0
initial	new	tgz	rename-different	commit	59.392	3.793	24.374	28.237	1.322	1052160	1047552	217350154	477	3	4608	217752874	3.58	5.70	6.23	600.000	0
initial	new	tgz	rename-different	k5	248.990	3.793	24.374	28.237	1.322	1052160	1047552	217350154	477	3	4608	217752874	3.58	5.70	6.23	600.000	0
initial	old	tgz	append	commit	51.617	2.576	17.692	28.594	1.013	761856	747520	217466894	469	2	14336	217756204	3.45	5.64	6.20	900.000	0
initial	old	tgz	append	k5	252.618	2.576	17.692	28.594	1.013	761856	747520	217466894	469	2	14336	217756204	3.45	5.64	6.20	900.000	0
initial	old	tgz	delete-small	commit	58.966	3.038	42.615	28.129	1.390	1800192	1794048	217064666	468	3	6144	217755505	3.45	5.64	6.20	900.000	0
initial	old	tgz	delete-small	k5	251.382	3.038	42.615	28.129	1.390	1800192	1794048	217064666	468	3	6144	217755505	3.45	5.64	6.20	900.000	0
initial	old	tgz	rename-same	commit	59.309	3.726	42.479	27.928	1.365	1800192	1795584	217064666	468	4	4608	217756178	3.45	5.64	6.20	900.000	0
initial	old	tgz	rename-same	k5	249.649	3.726	42.479	27.928	1.365	1800192	1795584	217064666	468	4	4608	217756178	3.45	5.64	6.20	900.000	0
initial	old	tgz	rename-different	commit	59.615	3.739	42.522	28.329	1.360	1800192	1795584	217064666	468	4	4608	217756298	3.33	5.58	6.18	900.000	0
initial	old	tgz	rename-different	k5	249.242	3.739	42.522	28.329	1.360	1800192	1795584	217064666	468	4	4608	217756298	3.33	5.58	6.18	900.000	0
initial	new	tbz	append	commit	26.846	2.563	0.121	22.456	0.278	14336	0	174055194	113	2	14336	174055352	3.33	5.58	6.18	1200.000	0
initial	new	tbz	append	k5	203.977	2.563	0.121	22.456	0.278	14336	0	174055194	113	2	14336	174055352	3.33	5.58	6.18	1200.000	0
initial	new	tbz	delete-small	commit	279.954	2.965	173.432	22.817	78.671	4504064	4497920	172735105	112	2	6144	174054874	3.95	5.67	6.21	1200.000	0
initial	new	tbz	delete-small	k5	286.554	2.965	173.432	22.817	78.671	4504064	4497920	172735105	112	2	6144	174054874	3.95	5.67	6.21	1200.000	0
initial	new	tbz	rename-same	commit	281.936	3.716	175.182	22.698	78.385	4504064	4499456	172735105	112	2	4608	174055159	3.95	5.67	6.21	1200.000	0
initial	new	tbz	rename-same	k5	289.084	3.716	175.182	22.698	78.385	4504064	4499456	172735105	112	2	4608	174055159	3.95	5.67	6.21	1200.000	0
initial	new	tbz	rename-different	commit	281.828	3.802	174.387	22.318	79.664	4504064	4499456	172735105	112	3	4608	174055502	4.35	5.72	6.22	1200.000	0
initial	new	tbz	rename-different	k5	286.247	3.802	174.387	22.318	79.664	4504064	4499456	172735105	112	3	4608	174055502	4.35	5.72	6.22	1200.000	0
initial	old	tbz	append	commit	140.180	2.602	77.777	22.752	35.289	2044000	2029664	173528815	109	2	14336	174128492	4.72	5.78	6.24	1800.000	0
initial	old	tbz	append	k5	240.476	2.602	77.777	22.752	35.289	2044000	2029664	173528815	109	2	14336	174128492	4.72	5.78	6.24	1800.000	0
initial	old	tbz	delete-small	commit	281.662	3.017	253.872	22.611	78.827	6533760	6527616	172214393	108	3	6144	174128196	4.72	5.78	6.24	1800.000	0
initial	old	tbz	delete-small	k5	318.742	3.017	253.872	22.611	78.827	6533760	6527616	172214393	108	3	6144	174128196	4.72	5.78	6.24	1800.000	0
initial	old	tbz	rename-same	commit	281.402	3.723	253.383	22.773	78.415	6533760	6529152	172214393	108	4	4608	174129246	4.72	5.78	6.24	1800.000	0
initial	old	tbz	rename-same	k5	319.907	3.723	253.383	22.773	78.415	6533760	6529152	172214393	108	4	4608	174129246	4.72	5.78	6.24	1800.000	0
initial	old	tbz	rename-different	commit	282.096	3.777	253.011	22.663	79.486	6533760	6529152	172214393	108	4	4608	174129267	4.66	5.75	6.23	1800.000	0
initial	old	tbz	rename-different	k5	317.850	3.777	253.011	22.663	79.486	6533760	6529152	172214393	108	4	4608	174129267	4.66	5.75	6.23	1800.000	0
initial	new	txz	append	commit	23.148	2.597	0.402	19.040	0.155	14336	0	151077500	33	2	14336	151077964	5.66	5.93	6.29	1000.000	0
initial	new	txz	append	k5	242.318	2.597	0.402	19.040	0.155	14336	0	151077500	33	2	14336	151077964	5.66	5.93	6.29	1000.000	0
initial	new	txz	delete-small	commit	4554.818	2.988	4426.704	19.520	102.470	16778752	16772608	146808376	32	2	6144	151077464	5.37	5.87	6.26	5926.704	0
initial	new	txz	delete-small	k5	340.439	2.988	4426.704	19.520	102.470	16778752	16772608	146808376	32	2	6144	151077464	5.37	5.87	6.26	5926.704	0
initial	new	txz	rename-same	commit	4626.589	3.754	4498.054	19.181	102.433	16778752	16774144	146808376	32	2	4608	151077828	5.10	5.80	6.24	5998.054	0
initial	new	txz	rename-same	k5	340.575	3.754	4498.054	19.181	102.433	16778752	16774144	146808376	32	2	4608	151077828	5.10	5.80	6.24	5998.054	0
initial	new	txz	rename-different	commit	4699.222	3.803	4571.548	18.726	102.209	16778752	16774144	146808376	32	2	4608	151077920	4.70	5.69	6.19	6071.548	0
initial	new	txz	rename-different	k5	338.721	3.803	4571.548	18.726	102.209	16778752	16774144	146808376	32	2	4608	151077920	4.70	5.69	6.19	6071.548	0
initial	new	txz	rename-text256	commit	25.179	3.692	0.330	20.100	0.146	4608	0	151077412	32	2	4608	151077844	4.44	5.60	6.15	1000.000	0
initial	new	txz	rename-text256	k5	241.838	3.692	0.330	20.100	0.146	4608	0	151077412	32	2	4608	151077844	4.44	5.60	6.15	1000.000	0
initial	old	txz	append	commit	1282.418	2.541	1216.831	19.434	42.033	6004736	5990400	149644852	29	2	14336	151293376	4.24	5.54	6.13	inf	0
initial	old	txz	append	k5	277.191	2.541	1216.831	19.434	42.033	6004736	5990400	149644852	29	2	14336	151293376	4.24	5.54	6.13	inf	0
initial	old	txz	delete-small	commit	4954.689	3.062	6384.612	18.788	104.213	22771712	22765568	145369336	28	3	6144	151292952	4.14	5.50	6.11	inf	0
initial	old	txz	delete-small	k5	383.300	3.062	6384.612	18.788	104.213	22771712	22765568	145369336	28	3	6144	151292952	4.14	5.50	6.11	inf	0
initial	old	txz	rename-same	commit	4861.664	3.775	6172.531	18.509	102.908	22771712	22767104	145369336	28	4	4608	151293388	4.04	5.43	6.08	inf	0
initial	old	txz	rename-same	k5	384.087	3.775	6172.531	18.509	102.908	22771712	22767104	145369336	28	4	4608	151293388	4.04	5.43	6.08	inf	0
initial	old	txz	rename-different	commit	4748.093	3.857	6000.586	18.274	102.594	22771712	22767104	145369336	28	4	4608	151294516	3.95	5.37	6.05	inf	0
initial	old	txz	rename-different	k5	380.784	3.857	6000.586	18.274	102.594	22771712	22767104	145369336	28	4	4608	151294516	3.95	5.37	6.05	inf	0
initial	old	txz	rename-text256	commit	3150.898	3.703	5460.400	17.896	73.085	22771712	22767104	139187640	28	5	4608	151292948	3.72	5.28	6.01	inf	0
initial	old	txz	rename-text256	k5	352.851	3.703	5460.400	17.896	73.085	22771712	22767104	139187640	28	5	4608	151292948	3.72	5.28	6.01	inf	0
repeat	new	tgz	append	commit	34.406	2.826	0.109	29.468	0.148	14336	0	217752671	478	2	14336	217752778	6.75	5.63	6.07	600.000	0
repeat	new	tgz	append	k5	253.868	2.826	0.109	29.468	0.148	14336	0	217752671	478	2	14336	217752778	6.75	5.63	6.07	600.000	0
repeat	new	tgz	delete-small	commit	59.028	3.018	24.011	28.780	1.367	1052160	1046016	217350154	477	2	6144	217752077	6.75	5.63	6.07	600.000	0
repeat	new	tgz	delete-small	k5	251.061	3.018	24.011	28.780	1.367	1052160	1046016	217350154	477	2	6144	217752077	6.75	5.63	6.07	600.000	0
repeat	new	tgz	rename-same	commit	60.340	3.791	24.490	28.856	1.360	1052160	1047552	217350154	477	2	4608	217752712	6.75	5.63	6.07	600.000	0
repeat	new	tgz	rename-same	k5	253.766	3.791	24.490	28.856	1.360	1052160	1047552	217350154	477	2	4608	217752712	6.75	5.63	6.07	600.000	0
repeat	new	tgz	rename-different	commit	59.129	3.876	24.340	27.850	1.390	1052160	1047552	217350154	477	3	4608	217752874	6.75	5.63	6.07	600.000	0
repeat	new	tgz	rename-different	k5	259.321	3.876	24.340	27.850	1.390	1052160	1047552	217350154	477	3	4608	217752874	6.75	5.63	6.07	600.000	0
repeat	old	tgz	append	commit	51.515	2.566	17.707	28.431	0.996	761856	747520	217466894	469	2	14336	217756204	6.37	5.57	6.05	900.000	0
repeat	old	tgz	append	k5	251.421	2.566	17.707	28.431	0.996	761856	747520	217466894	469	2	14336	217756204	6.37	5.57	6.05	900.000	0
repeat	old	tgz	delete-small	commit	59.760	3.006	42.304	29.080	1.383	1800192	1794048	217064666	468	3	6144	217755505	6.37	5.57	6.05	900.000	0
repeat	old	tgz	delete-small	k5	250.260	3.006	42.304	29.080	1.383	1800192	1794048	217064666	468	3	6144	217755505	6.37	5.57	6.05	900.000	0
repeat	old	tgz	rename-same	commit	60.303	3.709	42.544	28.784	1.398	1800192	1795584	217064666	468	4	4608	217756178	6.37	5.57	6.05	900.000	0
repeat	old	tgz	rename-same	k5	254.175	3.709	42.544	28.784	1.398	1800192	1795584	217064666	468	4	4608	217756178	6.37	5.57	6.05	900.000	0
repeat	old	tgz	rename-different	commit	59.489	3.724	42.315	28.251	1.351	1800192	1795584	217064666	468	4	4608	217756298	6.02	5.51	6.03	900.000	0
repeat	old	tgz	rename-different	k5	251.692	3.724	42.315	28.251	1.351	1800192	1795584	217064666	468	4	4608	217756298	6.02	5.51	6.03	900.000	0
repeat	new	tbz	append	commit	26.925	2.523	0.130	22.481	0.305	14336	0	174055194	113	2	14336	174055352	6.26	5.56	6.04	1200.000	0
repeat	new	tbz	append	k5	203.954	2.523	0.130	22.481	0.305	14336	0	174055194	113	2	14336	174055352	6.26	5.56	6.04	1200.000	0
repeat	new	tbz	delete-small	commit	278.937	2.951	173.289	22.725	77.935	4504064	4497920	172735105	112	2	6144	174054874	6.26	5.56	6.04	1200.000	0
repeat	new	tbz	delete-small	k5	284.922	2.951	173.289	22.725	77.935	4504064	4497920	172735105	112	2	6144	174054874	6.26	5.56	6.04	1200.000	0
repeat	new	tbz	rename-same	commit	279.514	3.961	173.166	22.121	78.288	4504064	4499456	172735105	112	2	4608	174055159	6.26	5.56	6.04	1200.000	0
repeat	new	tbz	rename-same	k5	284.249	3.961	173.166	22.121	78.288	4504064	4499456	172735105	112	2	4608	174055159	6.26	5.56	6.04	1200.000	0
repeat	new	tbz	rename-different	commit	280.278	3.758	173.759	22.827	77.959	4504064	4499456	172735105	112	3	4608	174055502	6.00	5.52	6.03	1200.000	0
repeat	new	tbz	rename-different	k5	283.441	3.758	173.759	22.827	77.959	4504064	4499456	172735105	112	3	4608	174055502	6.00	5.52	6.03	1200.000	0
repeat	old	tbz	append	commit	140.170	2.534	77.663	23.465	34.812	2044000	2029664	173528815	109	2	14336	174128492	6.32	5.60	6.05	1800.000	0
repeat	old	tbz	append	k5	238.882	2.534	77.663	23.465	34.812	2044000	2029664	173528815	109	2	14336	174128492	6.32	5.60	6.05	1800.000	0
repeat	old	tbz	delete-small	commit	279.493	2.990	252.495	22.287	78.425	6533760	6527616	172214393	108	3	6144	174128196	6.32	5.60	6.05	1800.000	0
repeat	old	tbz	delete-small	k5	320.849	2.990	252.495	22.287	78.425	6533760	6527616	172214393	108	3	6144	174128196	6.32	5.60	6.05	1800.000	0
repeat	old	tbz	rename-same	commit	284.025	3.770	253.737	21.921	81.865	6533760	6529152	172214393	108	4	4608	174129246	6.69	5.69	6.08	1800.000	0
repeat	old	tbz	rename-same	k5	319.645	3.770	253.737	21.921	81.865	6533760	6529152	172214393	108	4	4608	174129246	6.69	5.69	6.08	1800.000	0
repeat	old	tbz	rename-different	commit	280.219	3.715	252.585	22.609	78.169	6533760	6529152	172214393	108	4	4608	174129267	6.69	5.69	6.08	1800.000	0
repeat	old	tbz	rename-different	k5	319.482	3.715	252.585	22.609	78.169	6533760	6529152	172214393	108	4	4608	174129267	6.69	5.69	6.08	1800.000	0
repeat	new	txz	append	commit	23.822	2.516	0.315	19.747	0.171	14336	0	151077500	33	2	14336	151077964	6.49	5.68	6.07	1000.000	0
repeat	new	txz	append	k5	242.811	2.516	0.315	19.747	0.171	14336	0	151077500	33	2	14336	151077964	6.49	5.68	6.07	1000.000	0
repeat	new	txz	delete-small	commit	4492.325	3.048	4366.382	18.069	101.794	16778752	16772608	146808376	32	2	6144	151077464	6.13	5.62	6.05	5866.382	0
repeat	new	txz	delete-small	k5	342.317	3.048	4366.382	18.069	101.794	16778752	16772608	146808376	32	2	6144	151077464	6.13	5.62	6.05	5866.382	0
repeat	new	txz	rename-same	commit	4478.067	3.734	4350.442	18.534	102.698	16778752	16774144	146808376	32	2	4608	151077828	5.80	5.56	6.02	5850.442	0
repeat	new	txz	rename-same	k5	341.409	3.734	4350.442	18.534	102.698	16778752	16774144	146808376	32	2	4608	151077828	5.80	5.56	6.02	5850.442	0
repeat	new	txz	rename-different	commit	4593.071	3.741	4466.013	18.661	102.202	16778752	16774144	146808376	32	2	4608	151077920	5.36	5.47	5.99	5966.013	0
repeat	new	txz	rename-different	k5	341.379	3.741	4466.013	18.661	102.202	16778752	16774144	146808376	32	2	4608	151077920	5.36	5.47	5.99	5966.013	0
repeat	new	txz	rename-text256	commit	25.114	3.657	0.415	19.934	0.158	4608	0	151077412	32	2	4608	151077844	5.08	5.41	5.96	1000.000	0
repeat	new	txz	rename-text256	k5	241.576	3.657	0.415	19.934	0.158	4608	0	151077412	32	2	4608	151077844	5.08	5.41	5.96	1000.000	0
repeat	old	txz	append	commit	1226.352	2.596	1162.153	18.517	41.331	6004736	5990400	149644852	29	2	14336	151293376	5.00	5.38	5.94	inf	0
repeat	old	txz	append	k5	282.473	2.596	1162.153	18.517	41.331	6004736	5990400	149644852	29	2	14336	151293376	5.00	5.38	5.94	inf	0
repeat	old	txz	delete-small	commit	5132.199	3.082	6569.178	19.192	103.183	22771712	22765568	145369336	28	3	6144	151292952	5.64	5.51	5.99	inf	0
repeat	old	txz	delete-small	k5	382.958	3.082	6569.178	19.192	103.183	22771712	22765568	145369336	28	3	6144	151292952	5.64	5.51	5.99	inf	0
repeat	old	txz	rename-same	commit	4616.302	3.712	5857.628	18.629	103.380	22771712	22767104	145369336	28	4	4608	151293388	5.23	5.42	5.95	inf	0
repeat	old	txz	rename-same	k5	392.094	3.712	5857.628	18.629	103.380	22771712	22767104	145369336	28	4	4608	151293388	5.23	5.42	5.95	inf	0
repeat	old	txz	rename-different	commit	4688.473	3.755	5911.903	18.172	102.620	22771712	22767104	145369336	28	4	4608	151294516	4.80	5.33	5.91	inf	0
repeat	old	txz	rename-different	k5	382.141	3.755	5911.903	18.172	102.620	22771712	22767104	145369336	28	4	4608	151294516	4.80	5.33	5.91	inf	0
repeat	old	txz	rename-text256	commit	3231.113	3.674	5580.536	18.537	73.344	22771712	22767104	139187640	28	5	4608	151292948	4.98	5.35	5.92	inf	0
repeat	old	txz	rename-text256	k5	357.674	3.674	5580.536	18.537	73.344	22771712	22767104	139187640	28	5	4608	151292948	4.98	5.35	5.92	inf	0
waited	new	tgz	append	commit	34.180	2.904	0.125	28.893	0.191	14336	0	217752671	478	2	14336	217752778	2.77	3.90	5.13	600.000	0
waited	new	tgz	append	k5	254.117	2.904	0.125	28.893	0.191	14336	0	217752671	478	2	14336	217752778	2.77	3.90	5.13	600.000	0
waited	new	tgz	delete-small	commit	60.303	3.192	24.493	28.740	1.540	1052160	1046016	217350154	477	2	6144	217752077	2.77	3.90	5.13	600.000	0
waited	new	tgz	delete-small	k5	248.921	3.192	24.493	28.740	1.540	1052160	1046016	217350154	477	2	6144	217752077	2.77	3.90	5.13	600.000	0
waited	new	tgz	rename-same	commit	58.879	3.715	24.289	27.732	1.355	1052160	1047552	217350154	477	2	4608	217752712	2.77	3.90	5.13	600.000	0
waited	new	tgz	rename-same	k5	248.993	3.715	24.289	27.732	1.355	1052160	1047552	217350154	477	2	4608	217752712	2.77	3.90	5.13	600.000	0
waited	new	tgz	rename-different	commit	59.673	3.801	24.516	28.391	1.356	1052160	1047552	217350154	477	3	4608	217752874	2.71	3.87	5.12	600.000	0
waited	new	tgz	rename-different	k5	251.956	3.801	24.516	28.391	1.356	1052160	1047552	217350154	477	3	4608	217752874	2.71	3.87	5.12	600.000	0
waited	old	tgz	append	commit	51.281	2.648	17.645	28.301	1.000	761856	747520	217466894	469	2	14336	217756204	2.71	3.87	5.12	900.000	0
waited	old	tgz	append	k5	251.372	2.648	17.645	28.301	1.000	761856	747520	217466894	469	2	14336	217756204	2.71	3.87	5.12	900.000	0
waited	old	tgz	delete-small	commit	59.467	2.979	42.460	28.762	1.432	1800192	1794048	217064666	468	3	6144	217755505	2.71	3.87	5.12	900.000	0
waited	old	tgz	delete-small	k5	251.426	2.979	42.460	28.762	1.432	1800192	1794048	217064666	468	3	6144	217755505	2.71	3.87	5.12	900.000	0
waited	old	tgz	rename-same	commit	59.272	3.698	42.435	27.807	1.389	1800192	1795584	217064666	468	4	4608	217756178	2.81	3.87	5.11	900.000	0
waited	old	tgz	rename-same	k5	249.448	3.698	42.435	27.807	1.389	1800192	1795584	217064666	468	4	4608	217756178	2.81	3.87	5.11	900.000	0
waited	old	tgz	rename-different	commit	59.994	3.763	42.307	28.561	1.355	1800192	1795584	217064666	468	4	4608	217756298	2.81	3.87	5.11	900.000	0
waited	old	tgz	rename-different	k5	250.277	3.763	42.307	28.561	1.355	1800192	1795584	217064666	468	4	4608	217756298	2.81	3.87	5.11	900.000	0
waited	new	tbz	append	commit	32.793	8.536	0.155	22.319	0.267	14336	0	174055194	113	2	14336	174055352	3.93	4.08	5.17	1200.000	4
waited	new	tbz	append	k5	204.476	8.536	0.155	22.319	0.267	14336	0	174055194	113	2	14336	174055352	3.93	4.08	5.17	1200.000	4
waited	new	tbz	delete-small	commit	280.290	3.027	174.202	22.980	78.226	4504064	4497920	172735105	112	2	6144	174054874	3.93	4.08	5.17	1200.000	0
waited	new	tbz	delete-small	k5	287.259	3.027	174.202	22.980	78.226	4504064	4497920	172735105	112	2	6144	174054874	3.93	4.08	5.17	1200.000	0
waited	new	tbz	rename-same	commit	279.294	3.806	173.534	22.208	77.669	4504064	4499456	172735105	112	2	4608	174055159	3.93	4.08	5.17	1200.000	0
waited	new	tbz	rename-same	k5	285.246	3.806	173.534	22.208	77.669	4504064	4499456	172735105	112	2	4608	174055159	3.93	4.08	5.17	1200.000	0
waited	new	tbz	rename-different	commit	278.978	3.888	173.517	22.406	77.243	4504064	4499456	172735105	112	3	4608	174055502	3.78	4.05	5.15	1200.000	0
waited	new	tbz	rename-different	k5	285.399	3.888	173.517	22.406	77.243	4504064	4499456	172735105	112	3	4608	174055502	3.78	4.05	5.15	1200.000	0
waited	old	tbz	append	commit	149.730	12.443	77.669	23.125	34.734	2044000	2029664	173528815	109	2	14336	174128492	3.84	4.06	5.14	1800.000	10
waited	old	tbz	append	k5	242.196	12.443	77.669	23.125	34.734	2044000	2029664	173528815	109	2	14336	174128492	3.84	4.06	5.14	1800.000	10
waited	old	tbz	delete-small	commit	279.927	3.223	253.124	22.270	77.804	6533760	6527616	172214393	108	3	6144	174128196	3.84	4.06	5.14	1800.000	0
waited	old	tbz	delete-small	k5	325.380	3.223	253.124	22.270	77.804	6533760	6527616	172214393	108	3	6144	174128196	3.84	4.06	5.14	1800.000	0
waited	old	tbz	rename-same	commit	291.432	14.057	253.342	22.391	78.349	6533760	6529152	172214393	108	4	4608	174129246	3.89	4.08	5.12	1800.000	15
waited	old	tbz	rename-same	k5	315.286	14.057	253.342	22.391	78.349	6533760	6529152	172214393	108	4	4608	174129246	3.89	4.08	5.12	1800.000	15
waited	old	tbz	rename-different	commit	280.570	3.801	252.377	22.666	78.253	6533760	6529152	172214393	108	4	4608	174129267	3.89	4.08	5.12	1800.000	0
waited	old	tbz	rename-different	k5	319.973	3.801	252.377	22.666	78.253	6533760	6529152	172214393	108	4	4608	174129267	3.89	4.08	5.12	1800.000	0
waited	new	txz	append	commit	29.423	7.839	1.123	19.616	0.167	14336	0	151077500	33	2	14336	151077964	3.95	4.09	5.10	1000.000	3
waited	new	txz	append	k5	241.443	7.839	1.123	19.616	0.167	14336	0	151077500	33	2	14336	151077964	3.95	4.09	5.10	1000.000	3
waited	new	txz	delete-small	commit	4613.318	3.034	4484.368	19.280	103.798	16778752	16772608	146808376	32	2	6144	151077464	3.95	4.09	5.10	5984.368	0
waited	new	txz	delete-small	k5	338.903	3.034	4484.368	19.280	103.798	16778752	16772608	146808376	32	2	6144	151077464	3.95	4.09	5.10	5984.368	0
waited	new	txz	rename-same	commit	4821.796	10.074	4686.086	18.481	104.049	16778752	16774144	146808376	32	2	4608	151077828	3.77	4.05	5.07	6186.086	3
waited	new	txz	rename-same	k5	343.354	10.074	4686.086	18.481	104.049	16778752	16774144	146808376	32	2	4608	151077828	3.77	4.05	5.07	6186.086	3
waited	new	txz	rename-different	commit	4620.126	3.798	4491.293	18.318	103.808	16778752	16774144	146808376	32	2	4608	151077920	3.63	4.02	5.05	5991.293	0
waited	new	txz	rename-different	k5	344.742	3.798	4491.293	18.318	103.808	16778752	16774144	146808376	32	2	4608	151077920	3.63	4.02	5.05	5991.293	0
waited	new	txz	rename-text256	commit	25.356	3.741	0.308	20.238	0.142	4608	0	151077412	32	2	4608	151077844	3.68	4.02	5.04	1000.000	0
waited	new	txz	rename-text256	k5	238.267	3.741	0.308	20.238	0.142	4608	0	151077412	32	2	4608	151077844	3.68	4.02	5.04	1000.000	0
waited	old	txz	append	commit	1262.814	2.589	1198.000	19.264	41.245	6004736	5990400	149644852	29	2	14336	151293376	3.79	4.03	5.04	inf	0
waited	old	txz	append	k5	280.932	2.589	1198.000	19.264	41.245	6004736	5990400	149644852	29	2	14336	151293376	3.79	4.03	5.04	inf	0
waited	old	txz	delete-small	commit	4705.549	3.032	5973.674	18.514	104.175	22771712	22765568	145369336	28	3	6144	151292952	3.51	3.96	5.01	inf	0
waited	old	txz	delete-small	k5	381.110	3.032	5973.674	18.514	104.175	22771712	22765568	145369336	28	3	6144	151292952	3.51	3.96	5.01	inf	0
waited	old	txz	rename-same	commit	4688.659	3.754	5949.636	19.505	104.233	22771712	22767104	145369336	28	4	4608	151293388	3.39	3.93	4.99	inf	0
waited	old	txz	rename-same	k5	383.784	3.754	5949.636	19.505	104.233	22771712	22767104	145369336	28	4	4608	151293388	3.39	3.93	4.99	inf	0
waited	old	txz	rename-different	commit	4667.592	3.811	5912.077	18.770	103.490	22771712	22767104	145369336	28	4	4608	151294516	3.47	3.93	4.98	inf	0
waited	old	txz	rename-different	k5	381.640	3.811	5912.077	18.770	103.490	22771712	22767104	145369336	28	4	4608	151294516	3.47	3.93	4.98	inf	0
waited	old	txz	rename-text256	commit	3289.372	3.826	5640.497	18.242	73.187	22771712	22767104	139187640	28	5	4608	151292948	3.40	3.90	4.95	inf	0
waited	old	txz	rename-text256	k5	361.964	3.826	5640.497	18.242	73.187	22771712	22767104	139187640	28	5	4608	151292948	3.40	3.90	4.95	inf	0
