archive	bytes	sha256	S38_equal
lha-0	1732583	ed04f671c08aba666ba06d46ddfe03e576ff1b7170ad088397f9a2a895dc2729	true
sevenZip-0	25714	0aae623b7ecfb9525ecc7d18a415b2c73f2e7e46646f605e9e62012803792542	true
sevenZip-1	25922	d3970c33e9bb2aca9f38a371fe4cd94a2859a0bc9c1652decf257a7d232ac2d1	true
tar-0	3686400	0a09c062a8d181c4386bd75db6eb2cc44429cdb3a2ff511716379f4d7832675a	true
tarBzip2-0	156297	5d26f23877f1694f6a253784409743ccbc39a9e7ffb06971fc12ba50bcdddc66	true
tarGzip-0	1731179	9e01f88b3d157baa4d92d897c0e3affbad557fce7575ce83cb99e824d58c7b87	true
tarXZ-0	17568	c27da070d96d301b348a051e241b51fb5c8bdc586ff79bc90b0e4da5dc8379fe	true
zip-0	1732059	5ecc7ad4d0b36f1b0b66a69ddff56ee043ec38d0fa7ca3ce362eeb0ffda3cea1	true
zip-1	1732309	b013de85ffd29ca0a49d93b36ed3be52071c2bd661cda94499da942d8a4a6572	true
zip-2	1731446	8a5260fa180eb0fd38d2c1804be62b6578c087f4922f8b14fa0a51761fe4ae14	true
