format	corpus	progress	entry_order
zip	text256.txt	false	entries=1 equal=true
zip	text256.txt	true	entries=1 equal=true
zip	random256.bin	false	entries=1 equal=true
zip	random256.bin	true	entries=1 equal=true
zip	headers	false	entries=10907 equal=true
zip	headers	true	entries=10907 equal=true
zip	small	false	entries=50551 equal=true
zip	small	true	entries=50551 equal=true
tar	text256.txt	false	entries=1 equal=true
tar	text256.txt	true	entries=1 equal=true
tar	random256.bin	false	entries=1 equal=true
tar	random256.bin	true	entries=1 equal=true
tar	headers	false	entries=10907 equal=true
tar	headers	true	entries=10907 equal=true
tar	small	false	entries=50551 equal=true
tar	small	true	entries=50551 equal=true
tgz	text256.txt	false	entries=1 equal=true
tgz	text256.txt	true	entries=1 equal=true
tgz	random256.bin	false	entries=1 equal=true
tgz	random256.bin	true	entries=1 equal=true
tgz	headers	false	entries=10907 equal=true
tgz	headers	true	entries=10907 equal=true
tgz	small	false	entries=50551 equal=true
tgz	small	true	entries=50551 equal=true
tbz	text256.txt	false	entries=1 equal=true
tbz	text256.txt	true	entries=1 equal=true
tbz	random256.bin	false	entries=1 equal=true
tbz	random256.bin	true	entries=1 equal=true
tbz	headers	false	entries=10907 equal=true
tbz	headers	true	entries=10907 equal=true
tbz	small	false	entries=50551 equal=true
tbz	small	true	entries=50551 equal=true
txz	text256.txt	false	entries=1 equal=true
txz	text256.txt	true	entries=1 equal=true
txz	random256.bin	false	entries=1 equal=true
txz	random256.bin	true	entries=1 equal=true
txz	headers	false	entries=10907 equal=true
txz	headers	true	entries=10907 equal=true
txz	small	false	entries=50551 equal=true
txz	small	true	entries=50551 equal=true
7z	text256.txt	false	entries=1 equal=true
7z	text256.txt	true	entries=1 equal=true
7z	random256.bin	false	entries=1 equal=true
7z	random256.bin	true	entries=1 equal=true
7z	headers	false	entries=10907 equal=true
7z	headers	true	entries=10907 equal=true
7z	small	false	entries=50551 equal=true
7z	small	true	entries=50551 equal=true
lha	text256.txt	false	entries=1 equal=true
lha	text256.txt	true	entries=1 equal=true
lha	random256.bin	false	entries=1 equal=true
lha	random256.bin	true	entries=1 equal=true
lha	headers	false	entries=10907 equal=true
lha	headers	true	entries=10907 equal=true
lha	small	false	entries=50551 equal=true
lha	small	true	entries=50551 equal=true
