entries	operation	engine	open_ms	edit_ms	commit_ms	V2_ms	V3_ms	V5_ms	load1	load5	load15
100000	first	updater	718.222	29.183	7.860	0.003	0.000	0.973	4.29	4.91	5.94
100000	first	rewriter	639.268	39.714	1871.530	0.000	0.000	0.000	4.29	4.91	5.94
100000	last	updater	728.152	27.898	4.638	0.247	0.000	0.001	4.35	4.91	5.93
100000	last	rewriter	640.770	39.322	1854.679	0.000	0.000	0.000	4.35	4.91	5.93
100000	same	updater	737.984	27.447	4.070	0.138	0.000	0.001	4.35	4.91	5.93
100000	same	rewriter	641.601	37.609	1825.574	0.000	0.000	0.000	4.35	4.91	5.93
100000	long	updater	724.405	28.338	5.300	0.223	0.000	0.386	4.32	4.90	5.92
100000	long	rewriter	643.197	37.996	2244.990	0.000	0.000	0.000	4.32	4.90	5.92
100000	add	updater	717.285	29.378	3.618	0.000	0.119	0.001	4.85	5.00	5.95
100000	add	rewriter	651.422	39.436	1927.351	0.000	0.000	0.000	4.85	5.00	5.95
100000	replace	updater	766.988	59.528	7.428	1.119	0.089	0.421	4.85	5.00	5.95
100000	replace	rewriter	647.241	38.338	1886.377	0.000	0.000	0.000	4.85	5.00	5.95
