fixture	operation	engine	repeat	open_ms	mutate_ms	commit_ms	plan_ms	password_ms	scratch_encode_ms	scratch_copy_ms	packs_ms	header_ms	V1_ms	V2_ms	V3_ms	V3a_ms	output_bytes	load1	load5	load15
g_real	rename	updater	0	4.628	0.457	5.573	0.078	0.009	0.000	0.000	2.161	0.309	2.404	0.002	0.001	0.000	85726983	4.68	4.94	5.04
g_real	rename	updater	1	4.198	0.416	3.910	0.058	0.001	0.000	0.000	0.840	0.253	2.221	0.002	0.001	0.000	85726983	4.68	4.94	5.04
g_real	rename	updater	2	4.058	0.391	3.730	0.057	0.001	0.000	0.000	0.670	0.244	2.225	0.002	0.001	0.000	85726983	4.68	4.94	5.04
g_real	rename	updater	3	4.090	0.396	3.563	0.058	0.001	0.000	0.000	0.579	0.254	2.133	0.002	0.001	0.000	85726983	4.68	4.94	5.04
g_real	rename	updater	4	3.962	0.394	3.536	0.056	0.001	0.000	0.000	0.572	0.247	2.128	0.002	0.001	0.000	85726983	4.68	4.94	5.04
g_real	rename	rewriter	0	3.400	0.440	20747.116	0.000	0.000	0.000	0.000	0.000	0.000	0.000	0.000	0.000	0.000	85726983	4.68	4.94	5.04
g_real	rename	rewriter	1	3.503	0.429	20236.576	0.000	0.000	0.000	0.000	0.000	0.000	0.000	0.000	0.000	0.000	85726983	9.42	6.00	5.42
g_real	rename	rewriter	2	3.465	0.423	20288.893	0.000	0.000	0.000	0.000	0.000	0.000	0.000	0.000	0.000	0.000	85726983	9.63	6.27	5.53
g_real	rename	rewriter	3	3.500	0.431	20223.110	0.000	0.000	0.000	0.000	0.000	0.000	0.000	0.000	0.000	0.000	85726983	9.59	6.48	5.62
g_real	rename	rewriter	4	3.524	0.440	21480.311	0.000	0.000	0.000	0.000	0.000	0.000	0.000	0.000	0.000	0.000	85726983	9.37	6.63	5.69
g_real	last	updater	0	4.336	0.392	3.942	0.076	0.001	0.000	0.000	0.873	0.258	2.207	0.003	0.001	0.000	85724621	10.93	7.21	5.93
g_real	last	updater	1	3.935	0.389	3.602	0.069	0.001	0.000	0.000	0.619	0.254	2.135	0.002	0.001	0.000	85724621	10.93	7.21	5.93
g_real	last	updater	2	3.902	0.389	3.564	0.071	0.001	0.000	0.000	0.599	0.249	2.124	0.002	0.001	0.000	85724621	10.93	7.21	5.93
g_real	last	updater	3	3.882	0.388	3.560	0.070	0.001	0.000	0.000	0.579	0.246	2.143	0.002	0.001	0.000	85724621	10.93	7.21	5.93
g_real	last	updater	4	3.890	0.395	3.673	0.072	0.001	0.000	0.000	0.649	0.247	2.183	0.002	0.001	0.000	85724621	10.93	7.21	5.93
g_real	last	rewriter	0	3.418	0.428	19998.365	0.000	0.000	0.000	0.000	0.000	0.000	0.000	0.000	0.000	0.000	85724621	10.93	7.21	5.93
g_real	last	rewriter	1	3.523	0.447	20480.927	0.000	0.000	0.000	0.000	0.000	0.000	0.000	0.000	0.000	0.000	85724621	12.31	7.76	6.16
g_real	last	rewriter	2	3.491	0.435	20387.388	0.000	0.000	0.000	0.000	0.000	0.000	0.000	0.000	0.000	0.000	85724621	12.25	8.03	6.29
g_real	last	rewriter	3	3.572	0.441	20614.001	0.000	0.000	0.000	0.000	0.000	0.000	0.000	0.000	0.000	0.000	85724621	12.39	8.34	6.44
g_real	last	rewriter	4	3.409	0.419	20451.658	0.000	0.000	0.000	0.000	0.000	0.000	0.000	0.000	0.000	0.000	85724621	11.87	8.48	6.53
g_real	add	updater	0	4.370	0.668	4.498	0.058	0.001	0.000	0.000	0.879	0.274	2.303	0.002	0.045	0.000	85727048	12.12	8.75	6.68
g_real	add	updater	1	4.108	0.622	3.745	0.053	0.001	0.000	0.000	0.415	0.253	2.163	0.002	0.034	0.000	85727048	12.12	8.75	6.68
g_real	add	updater	2	4.043	0.608	3.709	0.056	0.001	0.000	0.000	0.391	0.252	2.157	0.002	0.032	0.000	85727048	12.12	8.75	6.68
g_real	add	updater	3	4.048	0.598	3.676	0.055	0.001	0.000	0.000	0.377	0.251	2.163	0.002	0.029	0.000	85727048	12.12	8.75	6.68
g_real	add	updater	4	4.026	0.605	3.690	0.054	0.001	0.001	0.000	0.387	0.254	2.152	0.002	0.030	0.000	85727048	12.12	8.75	6.68
g_real	add	rewriter	0	3.489	0.457	20629.532	0.000	0.000	0.000	0.000	0.000	0.000	0.000	0.000	0.000	0.000	85727048	12.12	8.75	6.68
g_real	add	rewriter	1	3.585	0.440	20407.369	0.000	0.000	0.000	0.000	0.000	0.000	0.000	0.000	0.000	0.000	85727048	13.01	9.20	6.89
g_real	add	rewriter	2	3.520	0.433	20179.919	0.000	0.000	0.000	0.000	0.000	0.000	0.000	0.000	0.000	0.000	85727048	13.30	9.51	7.05
g_real	add	rewriter	3	3.637	0.436	19970.222	0.000	0.000	0.000	0.000	0.000	0.000	0.000	0.000	0.000	0.000	85727048	12.75	9.64	7.15
g_real	add	rewriter	4	3.548	0.435	20441.390	0.000	0.000	0.000	0.000	0.000	0.000	0.000	0.000	0.000	0.000	85727048	11.95	9.66	7.22
g_real	first	updater	0	4.347	0.393	6.924	0.074	0.001	0.001	0.000	2.958	0.275	2.205	0.886	0.002	0.000	1582404	12.95	10.01	7.40
g_real	first	updater	1	3.999	0.385	5.633	0.068	0.001	0.000	0.000	1.783	0.249	2.132	0.889	0.001	0.000	1582404	12.95	10.01	7.40
g_real	first	updater	2	3.940	0.390	5.581	0.070	0.001	0.000	0.000	1.738	0.254	2.125	0.875	0.001	0.000	1582404	12.95	10.01	7.40
g_real	first	updater	3	4.128	0.388	5.641	0.070	0.001	0.000	0.000	1.811	0.256	2.123	0.867	0.001	0.000	1582404	12.95	10.01	7.40
g_real	first	updater	4	3.928	0.389	5.606	0.069	0.001	0.000	0.000	1.778	0.246	2.128	0.874	0.001	0.000	1582404	12.95	10.01	7.40
g_real	first	rewriter	0	3.430	0.442	84.019	0.000	0.000	0.000	0.000	0.000	0.000	0.000	0.000	0.000	0.000	1582404	12.95	10.01	7.40
g_real	first	rewriter	1	3.476	0.421	77.562	0.000	0.000	0.000	0.000	0.000	0.000	0.000	0.000	0.000	0.000	1582404	12.95	10.01	7.40
g_real	first	rewriter	2	3.405	0.416	76.691	0.000	0.000	0.000	0.000	0.000	0.000	0.000	0.000	0.000	0.000	1582404	12.95	10.01	7.40
g_real	first	rewriter	3	3.458	0.430	76.849	0.000	0.000	0.000	0.000	0.000	0.000	0.000	0.000	0.000	0.000	1582404	12.71	10.01	7.41
g_real	first	rewriter	4	3.493	0.428	78.219	0.000	0.000	0.000	0.000	0.000	0.000	0.000	0.000	0.000	0.000	1582404	12.71	10.01	7.41
g_real	middle	updater	0	6.255	0.417	5.735	0.080	0.001	0.001	0.000	2.143	0.284	2.204	0.455	0.001	0.000	85725455	12.71	10.01	7.41
g_real	middle	updater	1	4.094	0.399	4.768	0.073	0.001	0.000	0.000	1.270	0.259	2.184	0.452	0.001	0.000	85725455	12.71	10.01	7.41
g_real	middle	updater	2	4.031	0.395	4.741	0.071	0.001	0.000	0.000	1.254	0.256	2.169	0.461	0.002	0.000	85725455	12.71	10.01	7.41
g_real	middle	updater	3	4.064	0.402	4.737	0.071	0.001	0.000	0.000	1.253	0.258	2.150	0.463	0.001	0.000	85725455	12.71	10.01	7.41
g_real	middle	updater	4	4.048	0.407	4.713	0.073	0.001	0.000	0.000	1.207	0.256	2.170	0.462	0.001	0.000	85725455	12.71	10.01	7.41
g_real	middle	rewriter	0	3.490	0.447	20859.148	0.000	0.000	0.000	0.000	0.000	0.000	0.000	0.000	0.000	0.000	85725455	12.71	10.01	7.41
g_real	middle	rewriter	1	3.408	0.424	20295.642	0.000	0.000	0.000	0.000	0.000	0.000	0.000	0.000	0.000	0.000	85725455	17.06	11.24	7.92
g_real	middle	rewriter	2	3.386	0.419	20224.914	0.000	0.000	0.000	0.000	0.000	0.000	0.000	0.000	0.000	0.000	85725455	18.05	11.90	8.24
g_real	middle	rewriter	3	3.408	0.424	20354.702	0.000	0.000	0.000	0.000	0.000	0.000	0.000	0.000	0.000	0.000	85725455	16.78	12.02	8.36
g_real	middle	rewriter	4	3.471	0.429	19915.274	0.000	0.000	0.000	0.000	0.000	0.000	0.000	0.000	0.000	0.000	85725455	15.12	11.95	8.42
g_k100	rename	updater	0	407.169	46.499	342.548	5.124	0.054	0.029	0.000	6.464	23.878	230.857	0.147	0.146	0.031	6815829	13.46	11.77	8.44
g_k100	rename	updater	1	406.640	46.803	319.705	4.874	0.058	0.028	0.000	5.408	23.905	230.609	0.148	0.146	0.032	6815829	13.46	11.77	8.44
g_k100	rename	updater	2	397.489	45.780	306.665	4.970	0.052	0.027	0.000	6.092	23.513	219.087	0.073	0.165	0.031	6815829	13.46	11.77	8.44
g_k100	rename	updater	3	391.587	46.488	305.629	5.169	0.052	0.029	0.000	4.333	24.105	219.719	0.082	0.164	0.033	6815829	13.46	11.77	8.44
g_k100	rename	updater	4	397.734	46.801	306.143	5.285	0.052	0.027	0.000	4.957	23.665	219.389	0.077	0.178	0.032	6815829	12.54	11.61	8.40
g_k100	rename	rewriter	0	357.593	53.137	3719.432	0.000	0.000	0.000	0.000	0.000	0.000	0.000	0.000	0.000	0.000	6815829	12.54	11.61	8.40
g_k100	rename	rewriter	1	377.193	57.913	3819.912	0.000	0.000	0.000	0.000	0.000	0.000	0.000	0.000	0.000	0.000	6815829	15.78	12.30	8.66
g_k100	rename	rewriter	2	367.816	55.905	3756.918	0.000	0.000	0.000	0.000	0.000	0.000	0.000	0.000	0.000	0.000	6815829	15.78	12.30	8.66
g_k100	rename	rewriter	3	365.964	55.369	3841.734	0.000	0.000	0.000	0.000	0.000	0.000	0.000	0.000	0.000	0.000	6815829	15.31	12.26	8.67
g_k100	rename	rewriter	4	364.513	55.113	3780.388	0.000	0.000	0.000	0.000	0.000	0.000	0.000	0.000	0.000	0.000	6815829	14.81	12.21	8.67
g_k100	first	updater	0	392.520	45.642	391.537	6.751	0.052	0.027	0.000	34.465	23.675	216.978	57.487	0.145	0.031	6815765	14.10	12.10	8.66
g_k100	first	updater	1	391.651	45.825	391.186	6.618	0.057	0.027	0.000	33.709	23.769	217.604	58.206	0.150	0.032	6815765	14.10	12.10	8.66
g_k100	first	updater	2	390.000	45.377	392.479	6.660	0.052	0.027	0.000	32.652	23.376	220.873	57.174	0.146	0.032	6815765	14.10	12.10	8.66
g_k100	first	updater	3	390.731	46.204	392.777	6.803	0.052	0.027	0.000	33.813	23.231	219.063	57.774	0.146	0.032	6815765	14.10	12.10	8.66
g_k100	first	updater	4	390.622	46.258	394.376	6.710	0.054	0.032	0.000	33.370	23.554	220.750	57.907	0.278	0.030	6815765	13.29	11.97	8.63
g_k100	first	rewriter	0	360.699	54.518	4814.376	0.000	0.000	0.000	0.000	0.000	0.000	0.000	0.000	0.000	0.000	6815765	13.29	11.97	8.63
g_k100	first	rewriter	1	370.086	56.806	3888.912	0.000	0.000	0.000	0.000	0.000	0.000	0.000	0.000	0.000	0.000	6815765	13.27	11.98	8.65
g_k100	first	rewriter	2	365.158	55.058	3892.060	0.000	0.000	0.000	0.000	0.000	0.000	0.000	0.000	0.000	0.000	6815765	13.09	11.97	8.67
g_k100	first	rewriter	3	360.322	54.954	3835.224	0.000	0.000	0.000	0.000	0.000	0.000	0.000	0.000	0.000	0.000	6815765	12.84	11.94	8.68
g_k100	first	rewriter	4	366.837	54.957	3753.960	0.000	0.000	0.000	0.000	0.000	0.000	0.000	0.000	0.000	0.000	6815765	12.84	11.94	8.68
z_k100	rename	updater	0	359.575	46.443	395.183	0.416	0.000	0.000	0.000	2.917	189.827	181.921	0.007	0.097	0.000	228446	12.13	11.80	8.65
z_k100	rename	updater	1	351.127	46.099	385.063	0.421	0.000	0.000	0.000	2.129	189.168	174.847	0.009	0.098	0.000	228446	12.13	11.80	8.65
z_k100	rename	updater	2	349.780	46.186	383.963	0.421	0.000	0.000	0.000	2.288	187.113	175.520	0.007	0.093	0.000	228446	11.56	11.69	8.63
z_k100	rename	updater	3	352.230	45.485	384.423	0.434	0.000	0.000	0.000	2.377	187.355	175.559	0.006	0.093	0.000	228446	11.56	11.69	8.63
z_k100	rename	updater	4	350.332	46.273	382.808	0.422	0.000	0.000	0.000	2.060	187.136	174.381	0.006	0.097	0.000	228446	11.56	11.69	8.63
z_k100	rename	rewriter	0	339.127	54.730	6315.168	0.000	0.000	0.000	0.000	0.000	0.000	0.000	0.000	0.000	0.000	6815829	11.56	11.69	8.63
z_k100	rename	rewriter	1	346.996	54.732	4030.373	0.000	0.000	0.000	0.000	0.000	0.000	0.000	0.000	0.000	0.000	6815829	11.04	11.58	8.60
z_k100	rename	rewriter	2	341.904	55.195	3608.505	0.000	0.000	0.000	0.000	0.000	0.000	0.000	0.000	0.000	0.000	6815829	10.23	11.40	8.56
z_k100	rename	rewriter	3	341.332	55.852	3632.931	0.000	0.000	0.000	0.000	0.000	0.000	0.000	0.000	0.000	0.000	6815829	9.97	11.33	8.55
z_k100	rename	rewriter	4	341.779	54.506	4221.705	0.000	0.000	0.000	0.000	0.000	0.000	0.000	0.000	0.000	0.000	6815829	9.81	11.27	8.55
z_k100	first	updater	0	355.592	46.582	923.273	2.076	0.000	131.507	0.009	2.467	178.721	176.117	0.005	393.346	0.000	242042	9.67	11.22	8.54
z_k100	first	updater	1	348.485	45.809	934.032	2.045	0.000	130.843	0.010	2.319	184.549	178.148	0.005	398.288	0.000	242042	9.67	11.22	8.54
z_k100	first	updater	2	349.557	45.717	930.609	2.037	0.000	132.029	0.008	3.206	184.003	175.661	0.005	395.821	0.000	242042	9.67	11.22	8.54
z_k100	first	updater	3	351.452	45.491	929.905	2.044	0.000	131.843	0.010	2.894	184.391	175.163	0.007	395.347	0.000	242042	8.97	11.05	8.50
z_k100	first	updater	4	348.074	45.078	925.106	2.052	0.000	130.028	0.012	2.519	183.928	173.941	0.006	394.431	0.000	242042	8.97	11.05	8.50
z_k100	first	rewriter	0	336.314	54.374	5458.500	0.000	0.000	0.000	0.000	0.000	0.000	0.000	0.000	0.000	0.000	6815765	8.97	11.05	8.50
z_k100	first	rewriter	1	347.537	55.509	9276.594	0.000	0.000	0.000	0.000	0.000	0.000	0.000	0.000	0.000	0.000	6815765	8.74	10.97	8.48
z_k100	first	rewriter	2	349.414	55.516	8888.432	0.000	0.000	0.000	0.000	0.000	0.000	0.000	0.000	0.000	0.000	6815765	8.49	10.84	8.47
z_k100	first	rewriter	3	344.196	55.092	4301.970	0.000	0.000	0.000	0.000	0.000	0.000	0.000	0.000	0.000	0.000	6815765	8.57	10.78	8.47
z_k100	first	rewriter	4	341.551	54.644	3506.285	0.000	0.000	0.000	0.000	0.000	0.000	0.000	0.000	0.000	0.000	6815765	8.05	10.63	8.43
z_real_default	rename	updater	0	3.672	0.387	8.391	0.010	0.000	0.000	0.000	1.832	4.629	1.706	0.002	0.001	0.000	81364785	8.12	10.60	8.44
z_real_default	rename	updater	1	3.588	0.390	6.892	0.006	0.000	0.000	0.000	0.685	4.325	1.669	0.001	0.001	0.000	81364785	8.12	10.60	8.44
z_real_default	rename	updater	2	3.578	0.388	6.912	0.006	0.000	0.000	0.000	0.640	4.322	1.741	0.001	0.001	0.000	81364785	8.12	10.60	8.44
z_real_default	rename	updater	3	3.541	0.389	6.767	0.006	0.000	0.000	0.000	0.615	4.228	1.722	0.004	0.001	0.000	81364785	8.12	10.60	8.44
z_real_default	rename	updater	4	3.550	0.393	6.799	0.006	0.000	0.000	0.000	0.645	4.267	1.678	0.001	0.001	0.000	81364785	8.12	10.60	8.44
z_real_default	rename	rewriter	0	3.097	0.427	19275.788	0.000	0.000	0.000	0.000	0.000	0.000	0.000	0.000	0.000	0.000	85726983	8.12	10.60	8.44
z_real_default	rename	rewriter	1	3.319	0.431	19116.021	0.000	0.000	0.000	0.000	0.000	0.000	0.000	0.000	0.000	0.000	85726983	8.54	10.53	8.46
z_real_default	rename	rewriter	2	3.314	0.446	19678.601	0.000	0.000	0.000	0.000	0.000	0.000	0.000	0.000	0.000	0.000	85726983	8.79	10.46	8.48
z_real_default	rename	rewriter	3	3.274	0.424	19149.258	0.000	0.000	0.000	0.000	0.000	0.000	0.000	0.000	0.000	0.000	85726983	9.11	10.43	8.52
z_real_default	rename	rewriter	4	3.200	0.419	19160.082	0.000	0.000	0.000	0.000	0.000	0.000	0.000	0.000	0.000	0.000	85726983	9.01	10.34	8.52
z_real_default	first	updater	0	5.472	0.396	22104.895	0.023	0.000	20304.548	15.429	20.190	4.454	1.871	0.005	1773.316	0.000	85088977	9.01	10.26	8.53
z_real_default	first	updater	1	4.242	0.392	21975.195	0.023	0.000	20177.594	14.441	17.015	4.515	2.006	0.006	1773.551	0.000	85088977	8.61	10.07	8.51
z_real_default	first	updater	2	4.240	0.394	21932.362	0.023	0.000	20130.239	14.768	17.336	4.521	1.896	0.005	1777.844	0.000	85088977	9.00	10.07	8.55
z_real_default	first	updater	3	4.235	0.388	23512.893	0.023	0.000	21724.694	14.644	17.613	4.444	1.867	0.004	1763.770	0.000	85088977	9.21	10.04	8.57
z_real_default	first	updater	4	4.184	0.382	22699.253	0.023	0.000	20906.812	14.623	17.686	4.449	1.887	0.007	1767.889	0.000	85088977	10.69	10.33	8.72
z_real_default	first	rewriter	0	3.338	0.434	21142.069	0.000	0.000	0.000	0.000	0.000	0.000	0.000	0.000	0.000	0.000	85726075	9.69	10.14	8.70
z_real_default	first	rewriter	1	3.360	0.459	20416.675	0.000	0.000	0.000	0.000	0.000	0.000	0.000	0.000	0.000	0.000	85726075	11.98	10.60	8.89
z_real_default	first	rewriter	2	3.323	0.429	20340.507	0.000	0.000	0.000	0.000	0.000	0.000	0.000	0.000	0.000	0.000	85726075	11.48	10.58	8.92
z_real_default	first	rewriter	3	3.364	0.441	20219.325	0.000	0.000	0.000	0.000	0.000	0.000	0.000	0.000	0.000	0.000	85726075	11.28	10.59	8.97
z_real_default	first	rewriter	4	3.399	0.432	24258.816	0.000	0.000	0.000	0.000	0.000	0.000	0.000	0.000	0.000	0.000	85726075	10.98	10.57	8.99
plain256	set	updater	0	4.717	0.053	272.775	0.063	5.699	0.000	0.000	119.841	0.411	2.997	0.005	0.002	143.002	137292088	17.12	12.11	9.62
plain256	set	updater	1	4.858	0.025	269.185	0.062	5.424	0.001	0.000	123.088	0.410	2.893	0.005	0.002	136.559	137292088	17.12	12.11	9.62
plain256	set	updater	2	5.658	0.023	262.965	0.061	5.376	0.000	0.000	121.957	0.417	2.835	0.004	0.002	131.586	137292088	17.12	12.11	9.62
plain256	set	updater	3	4.913	0.023	260.558	0.060	5.365	0.001	0.000	118.146	0.407	2.966	0.003	0.002	132.822	137292088	17.12	12.11	9.62
plain256	set	updater	4	5.087	0.024	264.894	0.062	5.466	0.001	0.000	122.772	0.422	3.051	0.005	0.002	132.275	137292088	17.12	12.11	9.62
plain256	set	rewriter	0	4.166	0.024	14416.373	0.000	0.000	0.000	0.000	0.000	0.000	0.000	0.000	0.000	0.000	137292088	17.12	12.11	9.62
plain256	set	rewriter	1	4.113	0.002	20966.112	0.000	0.000	0.000	0.000	0.000	0.000	0.000	0.000	0.000	0.000	137292088	16.72	12.27	9.72
plain256	set	rewriter	2	4.096	0.002	14131.270	0.000	0.000	0.000	0.000	0.000	0.000	0.000	0.000	0.000	0.000	137292088	15.62	12.37	9.83
plain256	set	rewriter	3	4.255	0.004	25856.272	0.000	0.000	0.000	0.000	0.000	0.000	0.000	0.000	0.000	0.000	137292088	15.29	12.41	9.87
plain256	set	rewriter	4	4.241	0.004	23185.348	0.000	0.000	0.000	0.000	0.000	0.000	0.000	0.000	0.000	0.000	137292088	16.77	13.08	10.20
aes256	change	updater	0	5.202	0.052	476.162	0.169	107.340	0.001	0.000	232.601	0.424	2.953	0.004	0.002	131.914	137292088	16.10	13.27	10.37
aes256	change	updater	1	5.643	0.051	470.594	0.160	103.643	0.000	0.000	230.687	0.403	2.953	0.007	0.002	131.989	137292088	15.05	13.10	10.33
aes256	change	updater	2	5.577	0.050	469.663	0.160	103.393	0.001	0.000	229.599	0.410	2.907	0.004	0.002	132.438	137292088	15.05	13.10	10.33
aes256	change	updater	3	5.584	0.052	471.596	0.162	103.291	0.000	0.000	232.269	0.411	2.889	0.004	0.002	131.830	137292088	15.05	13.10	10.33
aes256	change	updater	4	5.536	0.050	473.522	0.159	103.260	0.000	0.000	232.224	0.404	2.859	0.005	0.002	133.877	137292088	15.05	13.10	10.33
aes256	change	rewriter	0	4.644	0.002	11123.486	0.000	0.000	0.000	0.000	0.000	0.000	0.000	0.000	0.000	0.000	137292088	15.05	13.10	10.33
aes256	change	rewriter	1	4.654	0.002	11136.999	0.000	0.000	0.000	0.000	0.000	0.000	0.000	0.000	0.000	0.000	137292088	14.59	13.06	10.35
aes256	change	rewriter	2	4.636	0.002	10995.976	0.000	0.000	0.000	0.000	0.000	0.000	0.000	0.000	0.000	0.000	137292088	13.95	12.98	10.35
aes256	change	rewriter	3	4.631	0.002	11068.237	0.000	0.000	0.000	0.000	0.000	0.000	0.000	0.000	0.000	0.000	137292088	12.81	12.78	10.32
aes256	change	rewriter	4	4.602	0.002	11132.743	0.000	0.000	0.000	0.000	0.000	0.000	0.000	0.000	0.000	0.000	137292088	12.30	12.67	10.31
aes256	remove	updater	0	5.754	0.054	268.765	0.063	96.404	0.001	0.000	157.897	0.306	2.436	0.005	0.002	10.929	137251576	12.17	12.63	10.33
aes256	remove	updater	1	5.645	0.052	271.103	0.059	97.455	0.001	0.000	159.097	0.298	2.452	0.006	0.002	11.019	137251576	12.17	12.63	10.33
aes256	remove	updater	2	5.540	0.049	266.417	0.056	96.504	0.000	0.000	155.645	0.295	2.426	0.007	0.002	10.777	137251576	12.17	12.63	10.33
aes256	remove	updater	3	5.465	0.050	266.116	0.058	97.050	0.001	0.000	154.143	0.305	2.462	0.006	0.002	11.318	137251576	12.17	12.63	10.33
aes256	remove	updater	4	5.560	0.050	263.282	0.059	95.431	0.001	0.000	153.363	0.309	2.486	0.005	0.002	10.943	137251576	12.17	12.63	10.33
aes256	remove	rewriter	0	4.609	0.002	10971.279	0.000	0.000	0.000	0.000	0.000	0.000	0.000	0.000	0.000	0.000	137251576	12.17	12.63	10.33
aes256	remove	rewriter	1	4.592	0.002	11116.759	0.000	0.000	0.000	0.000	0.000	0.000	0.000	0.000	0.000	0.000	137251576	11.83	12.55	10.32
aes256	remove	rewriter	2	4.717	0.002	11661.282	0.000	0.000	0.000	0.000	0.000	0.000	0.000	0.000	0.000	0.000	137251576	11.42	12.42	10.32
aes256	remove	rewriter	3	4.700	0.002	11471.894	0.000	0.000	0.000	0.000	0.000	0.000	0.000	0.000	0.000	0.000	137251576	11.59	12.42	10.34
aes256	remove	rewriter	4	4.694	0.002	11937.595	0.000	0.000	0.000	0.000	0.000	0.000	0.000	0.000	0.000	0.000	137251576	11.51	12.38	10.35
