workload	method	threads	build	best_wall_s	cpu_s	input_bytes	output_bytes	sha256	load1	load5	load15
corpus	lha-lh7	12	base	3.724879334	6.5270399999999995	268435456	98518999	89a91c5ac292adeeae6f289d138b859441d0fea172e7bac7ace06808865ddb0e	5.00146484375	4.2998046875	3.4580078125
corpus	lha-lh7	12	new	0.701291417	7.0386880000000005	268435456	98518999	89a91c5ac292adeeae6f289d138b859441d0fea172e7bac7ace06808865ddb0e	4.7607421875	4.26123046875	3.44921875
corpus	lha-lh7	12	round1	0.701102708	6.998093	268435456	98518999	89a91c5ac292adeeae6f289d138b859441d0fea172e7bac7ace06808865ddb0e	5.00146484375	4.2998046875	3.4580078125
corpus	zip-bzip2	12	base	20.475370875	20.470001	268435456	90438540	391d476e80f2df4cad0956ae0d6c20bb863fa0929c2365abfa7c34ed970f166c	4.51220703125	4.2509765625	3.47265625
corpus	zip-bzip2	12	new	7.140673375	21.555379	268435456	90438540	391d476e80f2df4cad0956ae0d6c20bb863fa0929c2365abfa7c34ed970f166c	6.51611328125	4.7060546875	3.69384765625
corpus	zip-bzip2	12	round1	7.156210375	21.548516	268435456	90438540	391d476e80f2df4cad0956ae0d6c20bb863fa0929c2365abfa7c34ed970f166c	5.69873046875	4.66259765625	3.70703125
corpus	zip-zstd	12	base	1.497854542	1.4960209999999998	268435456	87406271	14c1d5681300ee2644d8ba50007d76364cf3b509a5c1445cbc46984dde1fe003	4.8818359375	4.31103515625	3.484375
corpus	zip-zstd	12	new	0.37610775	1.6851500000000001	268435456	87406271	14c1d5681300ee2644d8ba50007d76364cf3b509a5c1445cbc46984dde1fe003	4.8818359375	4.31103515625	3.484375
corpus	zip-zstd	12	round1	0.405456	1.7820360000000002	268435456	87406271	14c1d5681300ee2644d8ba50007d76364cf3b509a5c1445cbc46984dde1fe003	4.73095703125	4.2890625	3.4814453125
lha-mixed	lha-lh5	1	base	0.16581675	0.16475299999999998	10800731	4262571	3fd944e29243712412788f6af99bb5234eb08647533289391b1ebdd492ea5c38	5.9375	4.96337890625	3.91748046875
lha-mixed	lha-lh5	1	new	0.158442791	0.157546	10800731	4262571	3fd944e29243712412788f6af99bb5234eb08647533289391b1ebdd492ea5c38	5.9375	4.96337890625	3.91748046875
lha-mixed	lha-lh5	1	round1	0.153552209	0.15249399999999996	10800731	4262571	3fd944e29243712412788f6af99bb5234eb08647533289391b1ebdd492ea5c38	6.01953125	4.962890625	3.9111328125
lha-mixed	lha-lh5	12	base	0.052168333	0.18134799999999998	10800731	4262571	3fd944e29243712412788f6af99bb5234eb08647533289391b1ebdd492ea5c38	5.9375	4.96337890625	3.91748046875
lha-mixed	lha-lh5	12	new	0.050349041	0.18366900000000003	10800731	4262571	3fd944e29243712412788f6af99bb5234eb08647533289391b1ebdd492ea5c38	5.9375	4.96337890625	3.91748046875
lha-mixed	lha-lh5	12	round1	0.157756209	0.176332	10800731	4262571	3fd944e29243712412788f6af99bb5234eb08647533289391b1ebdd492ea5c38	5.9375	4.96337890625	3.91748046875
lha-mixed	lha-lh7	1	base	0.277946375	0.276808	10800731	4007317	cc06c6bf68924c887d21178075c9f7db98df7e63a39b9c9e18cdfbf2ffee6744	6.1025390625	5.013671875	3.94091796875
lha-mixed	lha-lh7	1	new	0.272058584	0.271084	10800731	4007317	cc06c6bf68924c887d21178075c9f7db98df7e63a39b9c9e18cdfbf2ffee6744	6.01416015625	5.01318359375	3.94677734375
lha-mixed	lha-lh7	1	round1	0.276042875	0.274885	10800731	4007317	cc06c6bf68924c887d21178075c9f7db98df7e63a39b9c9e18cdfbf2ffee6744	6.01416015625	5.01318359375	3.94677734375
lha-mixed	lha-lh7	12	base	0.065815625	0.296396	10800731	4007317	cc06c6bf68924c887d21178075c9f7db98df7e63a39b9c9e18cdfbf2ffee6744	6.01416015625	5.01318359375	3.94677734375
lha-mixed	lha-lh7	12	new	0.067460375	0.30435999999999996	10800731	4007317	cc06c6bf68924c887d21178075c9f7db98df7e63a39b9c9e18cdfbf2ffee6744	6.01416015625	5.01318359375	3.94677734375
lha-mixed	lha-lh7	12	round1	0.264403542	0.276273	10800731	4007317	cc06c6bf68924c887d21178075c9f7db98df7e63a39b9c9e18cdfbf2ffee6744	6.01416015625	5.01318359375	3.94677734375
single	lha-lh5	1	base	0.119393125	0.11839799999999999	10485760	4106262	9de41ff8f9168db82c23d66e184cf9f43417e3fcf5d2d607417272c086ab58be	6.01416015625	5.01318359375	3.94677734375
single	lha-lh5	1	new	0.117476542	0.116482	10485760	4106262	9de41ff8f9168db82c23d66e184cf9f43417e3fcf5d2d607417272c086ab58be	6.01416015625	5.01318359375	3.94677734375
single	lha-lh5	1	round1	0.118495625	0.11750200000000001	10485760	4106262	9de41ff8f9168db82c23d66e184cf9f43417e3fcf5d2d607417272c086ab58be	6.01416015625	5.01318359375	3.94677734375
single	lha-lh5	12	base	0.036319459	0.133869	10485760	4106262	9de41ff8f9168db82c23d66e184cf9f43417e3fcf5d2d607417272c086ab58be	6.01416015625	5.01318359375	3.94677734375
single	lha-lh5	12	new	0.037323167	0.133785	10485760	4106262	9de41ff8f9168db82c23d66e184cf9f43417e3fcf5d2d607417272c086ab58be	6.01416015625	5.01318359375	3.94677734375
single	lha-lh5	12	round1	0.122201792	0.120899	10485760	4106262	9de41ff8f9168db82c23d66e184cf9f43417e3fcf5d2d607417272c086ab58be	6.01416015625	5.01318359375	3.94677734375
single	lha-lh7	1	base	0.255022834	0.25402800000000003	10485760	3850993	275adee764fd0f59d8b3d854593fbeee1b6bc0b9d9c281fdb26b8a5755f8fb9f	5.8525390625	4.99609375	3.94677734375
single	lha-lh7	1	new	0.2558275	0.25486699999999995	10485760	3850993	275adee764fd0f59d8b3d854593fbeee1b6bc0b9d9c281fdb26b8a5755f8fb9f	5.8525390625	4.99609375	3.94677734375
single	lha-lh7	1	round1	0.25180575	0.250834	10485760	3850993	275adee764fd0f59d8b3d854593fbeee1b6bc0b9d9c281fdb26b8a5755f8fb9f	5.8525390625	4.99609375	3.94677734375
single	lha-lh7	12	base	0.059791375	0.279158	10485760	3850993	275adee764fd0f59d8b3d854593fbeee1b6bc0b9d9c281fdb26b8a5755f8fb9f	5.8525390625	4.99609375	3.94677734375
single	lha-lh7	12	new	0.060427375	0.27824699999999997	10485760	3850993	275adee764fd0f59d8b3d854593fbeee1b6bc0b9d9c281fdb26b8a5755f8fb9f	5.7841796875	4.99609375	3.95263671875
single	lha-lh7	12	round1	0.255025541	0.253702	10485760	3850993	275adee764fd0f59d8b3d854593fbeee1b6bc0b9d9c281fdb26b8a5755f8fb9f	5.8525390625	4.99609375	3.94677734375
single	zip-zstd	1	base	0.04434975	0.044014	10485760	2832149	8faa1870e53082ac6429b38ae62e903fefe15d305644764c94ce971014930322	5.7841796875	4.99609375	3.95263671875
single	zip-zstd	1	new	0.044904209	0.044556	10485760	2832149	8faa1870e53082ac6429b38ae62e903fefe15d305644764c94ce971014930322	5.7841796875	4.99609375	3.95263671875
single	zip-zstd	1	round1	0.044971125	0.044635999999999995	10485760	2832149	8faa1870e53082ac6429b38ae62e903fefe15d305644764c94ce971014930322	5.7841796875	4.99609375	3.95263671875
single	zip-zstd	12	base	0.045110834	0.044774999999999995	10485760	2832149	8faa1870e53082ac6429b38ae62e903fefe15d305644764c94ce971014930322	5.7841796875	4.99609375	3.95263671875
single	zip-zstd	12	new	0.04512375	0.044791	10485760	2832149	8faa1870e53082ac6429b38ae62e903fefe15d305644764c94ce971014930322	5.7841796875	4.99609375	3.95263671875
single	zip-zstd	12	round1	0.046220834	0.045673000000000005	10485760	2832149	8faa1870e53082ac6429b38ae62e903fefe15d305644764c94ce971014930322	5.7841796875	4.99609375	3.95263671875
small	zip-bzip2	1	base	1.598505166	1.596479	12819316	7943403	6b62dc30f809f1477e18c0ceb9f4ae66372a189ed1ba43661cb179b363de3df4	6.9541015625	5.56884765625	4.3828125
small	zip-bzip2	1	new	1.596468834	1.5949759999999997	12819316	7943403	6b62dc30f809f1477e18c0ceb9f4ae66372a189ed1ba43661cb179b363de3df4	6.59814453125	5.43701171875	4.30078125
small	zip-bzip2	1	round1	1.598455584	1.5950279999999997	12819316	7943403	6b62dc30f809f1477e18c0ceb9f4ae66372a189ed1ba43661cb179b363de3df4	7.67822265625	5.74169921875	4.45068359375
small	zip-bzip2	12	base	1.603113542	1.601083	12819316	7943403	6b62dc30f809f1477e18c0ceb9f4ae66372a189ed1ba43661cb179b363de3df4	6.59814453125	5.43701171875	4.30078125
small	zip-bzip2	12	new	0.233451	1.729765	12819316	7943403	6b62dc30f809f1477e18c0ceb9f4ae66372a189ed1ba43661cb179b363de3df4	5.89697265625	5.32373046875	4.2734375
small	zip-bzip2	12	round1	0.711038292	2.2275909999999994	12819316	7943403	6b62dc30f809f1477e18c0ceb9f4ae66372a189ed1ba43661cb179b363de3df4	5.89697265625	5.32373046875	4.2734375
small	zip-deflate	1	base	0.262655125	0.40475600000000006	12819316	6793531	8e1ef4fd5c6ddeee132b0e7fa2f789f88c70f641f0d80472d16cff315a4029f0	7.8876953125	5.892578125	4.53271484375
small	zip-deflate	1	new	0.270274958	0.4182030000000001	12819316	6793531	8e1ef4fd5c6ddeee132b0e7fa2f789f88c70f641f0d80472d16cff315a4029f0	7.0947265625	5.705078125	4.45947265625
small	zip-deflate	1	round1	0.264137042	0.40904999999999997	12819316	6793531	8e1ef4fd5c6ddeee132b0e7fa2f789f88c70f641f0d80472d16cff315a4029f0	7.0947265625	5.705078125	4.45947265625
small	zip-deflate	12	base	0.189094417	0.38574200000000003	12819316	6793531	8e1ef4fd5c6ddeee132b0e7fa2f789f88c70f641f0d80472d16cff315a4029f0	7.0947265625	5.705078125	4.45947265625
small	zip-deflate	12	new	0.193586916	0.3888980000000001	12819316	6793531	8e1ef4fd5c6ddeee132b0e7fa2f789f88c70f641f0d80472d16cff315a4029f0	7.8876953125	5.892578125	4.53271484375
small	zip-deflate	12	round1	0.190100417	0.38591000000000003	12819316	6793531	8e1ef4fd5c6ddeee132b0e7fa2f789f88c70f641f0d80472d16cff315a4029f0	7.45166015625	5.7509765625	4.46826171875
small	zip-zstd	1	base	0.375683708	0.374584	12819316	6948497	175bea224aabb4c44304e6d3ae49ce023b1c93ec285d1cf94185bc854baa96ea	7.42578125	5.5029296875	4.296875
small	zip-zstd	1	new	0.39069825	0.38938100000000003	12819316	6948497	175bea224aabb4c44304e6d3ae49ce023b1c93ec285d1cf94185bc854baa96ea	6.91162109375	5.453125	4.29296875
small	zip-zstd	1	round1	0.445056917	0.44386099999999995	12819316	6948497	175bea224aabb4c44304e6d3ae49ce023b1c93ec285d1cf94185bc854baa96ea	7.63720703125	5.51171875	4.29296875
small	zip-zstd	12	base	0.384672208	0.3835629999999999	12819316	6948497	175bea224aabb4c44304e6d3ae49ce023b1c93ec285d1cf94185bc854baa96ea	7.63720703125	5.51171875	4.29296875
small	zip-zstd	12	new	0.381796625	0.380769	12819316	6948497	175bea224aabb4c44304e6d3ae49ce023b1c93ec285d1cf94185bc854baa96ea	6.99853515625	5.4951171875	4.314453125
small	zip-zstd	12	round1	0.706161541	0.9832160000000002	12819316	6948497	175bea224aabb4c44304e6d3ae49ce023b1c93ec285d1cf94185bc854baa96ea	7.63720703125	5.51171875	4.29296875
tree	zip-bzip2	1	base	3.61305325	3.60732	96446400	18779000	1b4091714f30df450e6e166f22a948bdb494e48abb1ab4749a7fc9ea2b3d2c88	5.34228515625	4.99658203125	4.0546875
tree	zip-bzip2	1	new	3.623679209	3.621063	96446400	18779000	1b4091714f30df450e6e166f22a948bdb494e48abb1ab4749a7fc9ea2b3d2c88	5.154296875	4.96337890625	4.04833984375
tree	zip-bzip2	1	round1	3.636043542	3.634248	96446400	18779000	1b4091714f30df450e6e166f22a948bdb494e48abb1ab4749a7fc9ea2b3d2c88	4.9013671875	4.9140625	4.0361328125
tree	zip-bzip2	12	base	3.639758583	3.628764	96446400	18779000	1b4091714f30df450e6e166f22a948bdb494e48abb1ab4749a7fc9ea2b3d2c88	4.6689453125	4.865234375	4.02392578125
tree	zip-bzip2	12	new	0.5567015	3.7544510000000004	96446400	18779000	1b4091714f30df450e6e166f22a948bdb494e48abb1ab4749a7fc9ea2b3d2c88	4.6689453125	4.865234375	4.02392578125
tree	zip-bzip2	12	round1	0.577268833	3.853667	96446400	18779000	1b4091714f30df450e6e166f22a948bdb494e48abb1ab4749a7fc9ea2b3d2c88	4.6689453125	4.865234375	4.02392578125
tree	zip-deflate	1	base	1.416261167	1.435458	96446400	23599531	dbf82cea1ded23ad82aa1a0facb5c553fa798e4f4f180f76b7c052cffe92e43a	5.06982421875	4.96533203125	4.08447265625
tree	zip-deflate	1	new	1.426242334	1.443697	96446400	23599531	dbf82cea1ded23ad82aa1a0facb5c553fa798e4f4f180f76b7c052cffe92e43a	5.33740234375	5.015625	4.09716796875
tree	zip-deflate	1	round1	1.4248285	1.4390489999999998	96446400	23599531	dbf82cea1ded23ad82aa1a0facb5c553fa798e4f4f180f76b7c052cffe92e43a	4.90380859375	4.9326171875	4.07763671875
tree	zip-deflate	12	base	0.401131833	1.5612529999999998	96446400	23599531	dbf82cea1ded23ad82aa1a0facb5c553fa798e4f4f180f76b7c052cffe92e43a	4.90380859375	4.9326171875	4.07763671875
tree	zip-deflate	12	new	0.401982666	1.560791	96446400	23599531	dbf82cea1ded23ad82aa1a0facb5c553fa798e4f4f180f76b7c052cffe92e43a	4.90380859375	4.9326171875	4.07763671875
tree	zip-deflate	12	round1	0.401343833	1.561284	96446400	23599531	dbf82cea1ded23ad82aa1a0facb5c553fa798e4f4f180f76b7c052cffe92e43a	4.90380859375	4.9326171875	4.07763671875
tree	zip-stored	1	base	0.052536084	0.05176399999999999	96446400	96571022	2d145f50ee292047fa74320426d918a528e993d3dd51effc3fde0127450a9cca	5.9521484375	5.1494140625	4.1591796875
tree	zip-stored	1	new	0.052143667	0.051366999999999996	96446400	96571022	2d145f50ee292047fa74320426d918a528e993d3dd51effc3fde0127450a9cca	5.9521484375	5.1494140625	4.1591796875
tree	zip-stored	1	round1	0.051630292	0.050838	96446400	96571022	2d145f50ee292047fa74320426d918a528e993d3dd51effc3fde0127450a9cca	5.9521484375	5.1494140625	4.1591796875
tree	zip-stored	12	base	0.051970042	0.051177	96446400	96571022	2d145f50ee292047fa74320426d918a528e993d3dd51effc3fde0127450a9cca	5.9521484375	5.1494140625	4.1591796875
tree	zip-stored	12	new	0.052187041	0.05131299999999999	96446400	96571022	2d145f50ee292047fa74320426d918a528e993d3dd51effc3fde0127450a9cca	5.9521484375	5.1494140625	4.1591796875
tree	zip-stored	12	round1	0.052994708	0.05220699999999999	96446400	96571022	2d145f50ee292047fa74320426d918a528e993d3dd51effc3fde0127450a9cca	5.9521484375	5.1494140625	4.1591796875
tree	zip-zstd	1	base	0.788999666	0.7878660000000001	96446400	24094178	a86eb646d4ba04ffc7d36728f3374d513febc209cd1079d82bf9606daa47613b	5.64111328125	4.9794921875	3.95263671875
tree	zip-zstd	1	new	0.788130375	0.78708	96446400	24094178	a86eb646d4ba04ffc7d36728f3374d513febc209cd1079d82bf9606daa47613b	5.64111328125	4.9794921875	3.95263671875
tree	zip-zstd	1	round1	0.789286625	0.788252	96446400	24094178	a86eb646d4ba04ffc7d36728f3374d513febc209cd1079d82bf9606daa47613b	5.64111328125	4.9794921875	3.95263671875
tree	zip-zstd	12	base	0.790404334	0.7893830000000001	96446400	24094178	a86eb646d4ba04ffc7d36728f3374d513febc209cd1079d82bf9606daa47613b	5.64111328125	4.9794921875	3.95263671875
tree	zip-zstd	12	new	0.133123084	0.8787090000000001	96446400	24094178	a86eb646d4ba04ffc7d36728f3374d513febc209cd1079d82bf9606daa47613b	5.64111328125	4.9794921875	3.95263671875
tree	zip-zstd	12	round1	0.174990833	1.021714	96446400	24094178	a86eb646d4ba04ffc7d36728f3374d513febc209cd1079d82bf9606daa47613b	5.08056640625	4.880859375	3.92919921875
