path	baseline_1_MB_s	baseline_12_MB_s	new_1_MB_s	new_12_MB_s	thread_speedup	change_speedup	effective_cores	baseline_bytes	new_bytes	reference_path	reference_MB_s	reference_bytes
zip-stored	5593.575555952768	5822.3107985370225	5553.92795189626	5583.1727429901075	1.0052656050541422	0.95892729470797	0.9859529164012636	268447694	268447694	zip-stored	3306.038585478064	268449052
zip-deflate	58.027574575316386	388.1057668344698	58.18650003068065	412.87427392713516	7.0957055968211575	1.0638189617605691	6.365086691499385	99421510	99421510	zip-deflate	70.26041848543976	98028118
zip-bzip2	9.858392156363637	9.946606985273434	9.178975898522214	25.0821368624957	2.732563756544327	2.521677683619284	2.2964087596015097	90438540	90438540	zip-bzip2	7.946171492947637	89474982
zip-lzma	8.939138212327626	9.000924472187743	8.951028659867859	25.644257493959145	2.8649508864758477	2.8490692898488588	3.3151866487182824	83874740	83874740	zip-lzma	51.18503530292937	84151898
zip-xz	10.072117999126945	12.313203494648706	10.016240727552725	62.422019189258606	6.232080566668869	5.06951900993004	7.461466951384136	83512254	83512254	zip-xz	50.82206264351835	83300072
zip-zstd	166.1875573818083	168.54524723763842	167.75600918536819	526.5504783932521	3.138787581739744	3.1240897445826423	4.149621078297204	87406271	87406271	stream-zst	7139.280343911878	85782502
zip-ppmd	5.981256063057993	6.029851081547232	6.128932889863747	17.662646540938646	2.8818469476390867	2.9292011199066783	3.3623441434351067	88201198	88201198	zip-ppmd	52.26921894047397	86517008
tar	6825.960663299112	6872.248161276402	6911.485172870257	6610.394684230722	0.9564362100028212	0.9618969701179934	0.9779826346395127	268492800	268492800	tar	1966.305030544458	268486144
tar.gz	79.8166410285115	472.0825053518362	80.17856471250876	472.54917255404706	5.893709550032941	1.0009885289052665	6.279354273967503	99416588	99416588	stream-gz	82.44749151728936	99628284
tar.bz2	12.527954189688337	96.4760326776582	12.530993060898814	95.61055458817684	7.629926385205337	0.9910290870648354	8.57297766387121	91752388	91752388	stream-bz2	11.10676077824487	92261346
tar.xz	10.251578376111738	61.785824103583	10.130190335832134	62.14373793019649	6.134508421858961	1.0057928146432658	7.37765888303127	83501568	83501568	stream-xz	106.33264352369461	69044900
tar.zst	159.0862928089487	1011.4025130070413	160.65412380555566	1024.5246827646681	6.377207497049251	1.012974230920796	8.017980246918292	90533921	90533921	stream-zst	7139.280343911878	85782502
tar.lz	8.796349374569676	45.44418293612856	9.323149332807004	47.01666185116926	5.043002120080119	1.034602424632671	6.699879659391419	70008505	70008505	stream-lz	10.962423367907446	68228440
tar.lzma	9.065124923205987	8.967960429948263	9.051451255835728	8.783155798533919	0.9703588463641306	0.9793927913868582	0.996397639439478	68215836	68215836	stream-lzma	13.816114854352994	68229426
tar.lz4	1071.0183998561834	4400.89385365685	1075.0993175050353	4396.71905256209	4.089593380791536	0.9990513742813198	4.177854653053618	120637746	120637746	stream-lz4	4005.1867176970195	118767036
tar.br	812.415613114042	820.5540042557773	809.935148181794	813.7936268099953	1.0047639352815632	0.9917612035152843	0.9959682033770061	67481873	67481873	stream-br	881.885319842828	67437223
tar.Z	35.40462476471559	35.07419809972999	35.23314356721511	35.48702194610162	1.0072056692415816	1.0117700152459026	0.9977300691965016	150653281	150653281	stream-Z	80.06258394492137	143587381
7z-lzma2	10.771952977332035	74.6882536549962	10.956539665467945	75.80423783332718	6.9186294348243615	1.0149418968006132	8.323421358108122	83499628	83499628	7z-lzma2	20.992236986100536	83281800
7z-lzma2-filter	11.090790894026298	12.62944212099914	11.11803589733005	65.07408809250579	5.853020146133281	5.152570277376404	7.077814858242835	96682991	96682991	7z-lzma2-filter	31.972966163666552	96061515
7z-lzma2-solid	12.336446284156517	14.953191335974369	11.976263316910003	76.66177570594765	6.401143134328409	5.126783573050044	8.126908933624913	69861174	69861174	7z-lzma2-solid	20.217347584115576	69382383
7z-lzma2-solid-filter	12.884763453895296	14.08354320837979	12.286637845952258	66.0264727686796	5.37384381280771	4.6882003904666165	6.989501807679557	71970417	71970417	7z-lzma2-solid-filter	30.662729623134748	71094509
7z-lzma	9.476093023032513	9.598157340105944	9.47948430548246	30.239750284665753	3.1900206076797444	3.1505787218457884	3.6866793116128433	83867141	83867141	7z-lzma	21.510809221375137	84137597
7z-lzma-filter	10.249437808418843	10.37245412386869	10.783453810629485	31.828697273072187	2.951623647861128	3.0685792284999573	3.6855362222103127	96670252	96670252	7z-lzma-filter	31.897953814228654	96889664
7z-lzma-solid	9.894189319288046	10.374097546812786	10.016143120312378	31.35728746160378	3.1306748600678764	3.0226520736001388	3.731062299486492	70176846	70176846	7z-lzma-solid	20.33148158439351	70209526
7z-lzma-solid-filter	9.904160150663554	10.681735368289964	10.234803891138155	31.420858804859517	3.0700010609939867	2.9415500123824616	3.753981810156696	71892595	71892595	7z-lzma-solid-filter	30.80754084175169	71918913
7z-deflate	86.13967793687843	689.9693635719367	86.27737195074965	696.9606920912939	8.078140030611332	1.0101328100760352	8.646542983734973	99414961	99414961	7z-deflate	22.4437288896146	98015462
7z-deflate-filter	64.12807867886849	71.12646457875093	64.04399207135509	237.29233064605032	3.7051458375934674	3.3362030863114422	5.6144215035934595	125148530	125148530	7z-deflate-filter	33.3810338732148	124228960
7z-deflate-solid	84.23693671292536	459.83209811091916	83.30999358127283	761.8850185467534	9.145181577807932	1.6568765461931152	9.643134497977533	99414671	99414671	7z-deflate-solid	22.610668170419494	98074762
7z-deflate-solid-filter	75.46839161136522	84.82460570665855	75.83118402380215	236.56787120563175	3.119664742823704	2.7889062287390236	5.7606644176299096	125147392	125147392	7z-deflate-solid-filter	33.64201530726222	124242713
7z-bzip2	12.958851756975104	12.978964467180303	12.919223977131587	37.33083004603381	2.889556687933686	2.876256433279533	3.0070603872859687	90431991	90431991	7z-bzip2	3.8155451200223234	89462330
7z-bzip2-filter	13.189077709412304	13.213728887439652	13.209929888161922	37.259764609156996	2.8205876128492804	2.819776682763211	2.9524013508419036	114583369	114583369	7z-bzip2-filter	4.52152920574825	113352654
7z-bzip2-solid	11.658884237953375	11.58516708984875	11.616409110173866	36.090864699838775	3.1068865049036303	3.1152649262575247	3.237723874094678	92204716	92204716	7z-bzip2-solid	13.071497037636611	91000914
7z-bzip2-solid-filter	11.34600847170775	11.449158946095256	11.418694027111549	35.046991556014525	3.069264442396128	3.0610974763318604	3.251301278870572	116813652	116813652	7z-bzip2-solid-filter	15.232285741756005	115444041
7z-ppmd	6.6722329798678155	6.459609481882467	6.664659619755186	20.92264437582176	3.1393417773059977	3.238995241818312	3.4148933807049637	89246644	89246644	7z-ppmd	16.959083711789912	86819603
7z-ppmd-filter	5.284554956041435	5.282783792045097	5.365782988655597	15.617984861413818	2.910662785735754	2.9563929693529456	3.393626913296804	104785676	104785676	7z-ppmd-filter	14.212287218432419	102001284
7z-ppmd-solid	6.909244008712476	6.875335450282938	6.931813871833069	20.777880703114516	2.997466620900476	3.0220897370555866	3.329903939376852	86084378	86084378	7z-ppmd-solid	17.940329316942904	80505134
7z-ppmd-solid-filter	4.926640550748807	5.064176618828145	5.106265870829118	15.19843477364942	2.976428403478648	3.001166017224406	3.5175712123218115	101595176	101595176	7z-ppmd-solid-filter	14.624186350745227	91533619
7z-copy	5455.339917896191	5594.814133935248	5567.616795463713	5551.621158106721	0.9971270225763337	0.992279819347967	0.9876195966609876	268441047	268441047	7z-copy	4137.507592763061	268436182
7z-copy-filter	83.60638182551024	84.46505163538367	83.93575509464942	266.2579539872142	3.1721636826519375	3.1522854580920514	3.2660596190038302	268442017	268442017	7z-copy-filter	2201.939063072006	268436199
7z-copy-solid	2574.298979545149	2570.499650332779	2578.76590686186	2495.488689176175	0.9677065617068643	0.9708185289397362	1.1555263887614762	268440474	268440474	7z-copy-solid	4124.0870998714945	268436180
7z-copy-solid-filter	86.6852902399007	86.9539407036419	86.942755189651	266.28446547506127	3.0627562341934818	3.0623622497181255	3.1183992197300587	268440604	268440604	7z-copy-solid-filter	2239.7486046264335	268436189
lha-lh5	88.44950798222214	150.19578041412527	88.769090842577	605.7407016241095	6.823779492101924	4.0330074517003025	7.532904869612839	104994156	104994156	lha-lh5	47.3033222031879	104360225
lha-lh6	57.3650427959738	97.0596515944551	57.30056154036533	474.26284161214943	8.276757310276189	4.88630274085224	8.92046545533969	100104097	100104097	lha-lh6	34.80854038204486	99433880
lha-lh7	40.47960121700232	66.62357372501364	40.54252538340116	373.1897159774378	9.204895660748068	5.601466494693975	9.85072506230882	98518999	98518999	lha-lh7	25.300108477323697	97760456
stream-gz	81.76701642755799	690.0445963393137	82.01671091274352	691.207013281609	8.427636338855077	1.0016845533585248	8.61626116846795	99409698	99409698	stream-gz	82.44749151728936	99628284
stream-bz2	11.383711619292113	119.37209011374635	11.42090579261809	117.61275928939855	10.298023766680366	0.9852617909037917	10.771316029019458	92245152	92245152	stream-bz2	11.10676077824487	92261346
stream-xz	11.471414477211686	74.02954364911652	11.40396530071134	74.9984117747412	6.576520516952386	1.013087587439643	7.952070313174641	69856700	69856700	stream-xz	106.33264352369461	69044900
stream-zst	197.17381558448056	1743.5770500481465	195.6286627116033	1777.439181932945	9.085780975527365	1.0194210699686965	10.443876798469283	80511646	80511646	stream-zst	7139.280343911878	85782502
stream-lz	9.171364977404252	79.36257835588556	9.43754181555024	79.34966287313885	8.40787404431887	0.9998372597890055	10.5158596519725	69845387	69845387	stream-lz	10.962423367907446	68228440
stream-lzma	9.63188375404991	9.711906223160113	9.632778182075466	9.830748927144626	1.0205517807352338	1.0122368051393562	0.9992674254510423	68215111	68215111	stream-lzma	13.816114854352994	68229426
stream-lz4	1150.3780937767465	4836.645775861457	1149.5621571058816	4818.915053641406	4.191956932344942	0.996334087083958	4.278717523608757	120629637	120629637	stream-lz4	4005.1867176970195	118767036
stream-br	864.8138891358577	859.1781233850729	859.7670211649277	860.8777484157324	1.0012918932960464	1.0019781986812737	0.9979154373091822	67437525	67437525	stream-br	881.885319842828	67437223
stream-Z	36.46391616696074	36.42190815506245	36.11907561938815	36.42748398110236	1.0085386559989555	1.0001530898934834	0.9992534416049219	150734473	150734473	stream-Z	80.06258394492137	143587381
