stage	variant	repeat	warmup	entries	operation	open_ms	remove_ms	mutate_ms	commit_ms	load_start	load_end	load_1m_below_4	all_loads_below_4	log
initial	after	00	1	500000	delete_start	499.948	0.035	0.035	123.342	4.27,4.53,4.91	4.39,4.54,4.91	0	0	zip-scale-after-00-warmup.log
initial	after	00	1	500000	delete_end	494.616	0.030	0.030	51.706	4.27,4.53,4.91	4.39,4.54,4.91	0	0	zip-scale-after-00-warmup.log
initial	after	00	1	500000	rename_same_length	507.880	0.000	34.959	32.137	4.27,4.53,4.91	4.39,4.54,4.91	0	0	zip-scale-after-00-warmup.log
initial	after	00	1	500000	replace_file	481.384	0.016	36.226	61.199	4.27,4.53,4.91	4.39,4.54,4.91	0	0	zip-scale-after-00-warmup.log
initial	after	00	1	500000	add_file	483.915	0.000	32.607	56.846	4.27,4.53,4.91	4.39,4.54,4.91	0	0	zip-scale-after-00-warmup.log
initial	after	00	1	500000	new_folder	499.087	0.000	30.676	54.543	4.27,4.53,4.91	4.39,4.54,4.91	0	0	zip-scale-after-00-warmup.log
initial	after	00	1	500000	rename_1000	487.855	0.000	321.243	42.565	4.27,4.53,4.91	4.39,4.54,4.91	0	0	zip-scale-after-00-warmup.log
initial	after	01	0	500000	delete_start	514.014	0.031	0.031	126.936	4.77,4.63,4.93	4.73,4.62,4.92	0	0	zip-scale-after-01.log
initial	after	01	0	500000	delete_end	494.388	0.027	0.027	50.421	4.77,4.63,4.93	4.73,4.62,4.92	0	0	zip-scale-after-01.log
initial	after	01	0	500000	rename_same_length	490.128	0.000	31.571	32.097	4.77,4.63,4.93	4.73,4.62,4.92	0	0	zip-scale-after-01.log
initial	after	01	0	500000	replace_file	482.542	0.019	37.676	54.760	4.77,4.63,4.93	4.73,4.62,4.92	0	0	zip-scale-after-01.log
initial	after	01	0	500000	add_file	477.259	0.000	31.665	54.939	4.77,4.63,4.93	4.73,4.62,4.92	0	0	zip-scale-after-01.log
initial	after	01	0	500000	new_folder	486.546	0.000	31.109	53.600	4.77,4.63,4.93	4.73,4.62,4.92	0	0	zip-scale-after-01.log
initial	after	01	0	500000	rename_1000	484.376	0.000	313.677	44.548	4.77,4.63,4.93	4.73,4.62,4.92	0	0	zip-scale-after-01.log
initial	after	02	0	500000	delete_start	471.961	0.034	0.034	118.081	4.78,4.63,4.92	4.35,4.55,4.89	0	0	zip-scale-after-02.log
initial	after	02	0	500000	delete_end	476.001	0.036	0.036	50.216	4.78,4.63,4.92	4.35,4.55,4.89	0	0	zip-scale-after-02.log
initial	after	02	0	500000	rename_same_length	471.193	0.000	30.802	31.223	4.78,4.63,4.92	4.35,4.55,4.89	0	0	zip-scale-after-02.log
initial	after	02	0	500000	replace_file	458.439	0.016	35.889	52.709	4.78,4.63,4.92	4.35,4.55,4.89	0	0	zip-scale-after-02.log
initial	after	02	0	500000	add_file	459.867	0.000	31.408	52.639	4.78,4.63,4.92	4.35,4.55,4.89	0	0	zip-scale-after-02.log
initial	after	02	0	500000	new_folder	467.582	0.000	31.731	52.494	4.78,4.63,4.92	4.35,4.55,4.89	0	0	zip-scale-after-02.log
initial	after	02	0	500000	rename_1000	465.184	0.000	281.843	41.428	4.78,4.63,4.92	4.35,4.55,4.89	0	0	zip-scale-after-02.log
initial	after	03	0	500000	delete_start	494.597	0.030	0.030	118.845	4.50,4.58,4.90	4.55,4.58,4.89	0	0	zip-scale-after-03.log
initial	after	03	0	500000	delete_end	470.396	0.028	0.028	50.773	4.50,4.58,4.90	4.55,4.58,4.89	0	0	zip-scale-after-03.log
initial	after	03	0	500000	rename_same_length	484.121	0.000	31.842	31.520	4.50,4.58,4.90	4.55,4.58,4.89	0	0	zip-scale-after-03.log
initial	after	03	0	500000	replace_file	469.315	0.047	37.513	59.322	4.50,4.58,4.90	4.55,4.58,4.89	0	0	zip-scale-after-03.log
initial	after	03	0	500000	add_file	472.405	0.000	30.262	52.239	4.50,4.58,4.90	4.55,4.58,4.89	0	0	zip-scale-after-03.log
initial	after	03	0	500000	new_folder	468.804	0.000	31.601	53.850	4.50,4.58,4.90	4.55,4.58,4.89	0	0	zip-scale-after-03.log
initial	after	03	0	500000	rename_1000	485.155	0.000	291.293	41.637	4.50,4.58,4.90	4.55,4.58,4.89	0	0	zip-scale-after-03.log
initial	baseline	00	1	500000	delete_start	493.246	0.014	0.015	125.719	4.28,4.54,4.92	4.27,4.53,4.91	0	0	zip-scale-baseline-00-warmup.log
initial	baseline	00	1	500000	delete_end	493.021	0.003	0.003	51.653	4.28,4.54,4.92	4.27,4.53,4.91	0	0	zip-scale-baseline-00-warmup.log
initial	baseline	00	1	500000	rename_same_length	493.710	0.000	249.044	32.832	4.28,4.54,4.92	4.27,4.53,4.91	0	0	zip-scale-baseline-00-warmup.log
initial	baseline	00	1	500000	replace_file	481.123	0.004	266.186	66.274	4.28,4.54,4.92	4.27,4.53,4.91	0	0	zip-scale-baseline-00-warmup.log
initial	baseline	00	1	500000	add_file	476.763	0.000	241.518	60.898	4.28,4.54,4.92	4.27,4.53,4.91	0	0	zip-scale-baseline-00-warmup.log
initial	baseline	00	1	500000	new_folder	482.270	0.000	257.734	61.626	4.28,4.54,4.92	4.27,4.53,4.91	0	0	zip-scale-baseline-00-warmup.log
initial	baseline	00	1	500000	rename_1000	476.920	0.000	241.269	40.442	4.28,4.54,4.92	4.27,4.53,4.91	0	0	zip-scale-baseline-00-warmup.log
initial	baseline	01	0	500000	delete_start	495.321	0.012	0.012	134.441	4.39,4.54,4.91	4.77,4.63,4.93	0	0	zip-scale-baseline-01.log
initial	baseline	01	0	500000	delete_end	499.296	0.004	0.004	51.701	4.39,4.54,4.91	4.77,4.63,4.93	0	0	zip-scale-baseline-01.log
initial	baseline	01	0	500000	rename_same_length	500.063	0.000	270.672	35.374	4.39,4.54,4.91	4.77,4.63,4.93	0	0	zip-scale-baseline-01.log
initial	baseline	01	0	500000	replace_file	480.333	0.004	293.943	69.685	4.39,4.54,4.91	4.77,4.63,4.93	0	0	zip-scale-baseline-01.log
initial	baseline	01	0	500000	add_file	483.116	0.000	298.630	62.488	4.39,4.54,4.91	4.77,4.63,4.93	0	0	zip-scale-baseline-01.log
initial	baseline	01	0	500000	new_folder	480.184	0.000	299.049	67.401	4.39,4.54,4.91	4.77,4.63,4.93	0	0	zip-scale-baseline-01.log
initial	baseline	01	0	500000	rename_1000	479.413	0.000	251.788	40.468	4.39,4.54,4.91	4.77,4.63,4.93	0	0	zip-scale-baseline-01.log
initial	baseline	02	0	500000	delete_start	480.320	0.015	0.015	122.773	4.73,4.62,4.92	4.78,4.63,4.92	0	0	zip-scale-baseline-02.log
initial	baseline	02	0	500000	delete_end	483.202	0.003	0.003	50.903	4.73,4.62,4.92	4.78,4.63,4.92	0	0	zip-scale-baseline-02.log
initial	baseline	02	0	500000	rename_same_length	483.013	0.000	247.265	32.758	4.73,4.62,4.92	4.78,4.63,4.92	0	0	zip-scale-baseline-02.log
initial	baseline	02	0	500000	replace_file	462.990	0.003	278.575	61.765	4.73,4.62,4.92	4.78,4.63,4.92	0	0	zip-scale-baseline-02.log
initial	baseline	02	0	500000	add_file	465.881	0.000	265.159	61.485	4.73,4.62,4.92	4.78,4.63,4.92	0	0	zip-scale-baseline-02.log
initial	baseline	02	0	500000	new_folder	471.065	0.000	280.789	64.635	4.73,4.62,4.92	4.78,4.63,4.92	0	0	zip-scale-baseline-02.log
initial	baseline	02	0	500000	rename_1000	478.907	0.000	247.834	39.537	4.73,4.62,4.92	4.78,4.63,4.92	0	0	zip-scale-baseline-02.log
initial	baseline	03	0	500000	delete_start	485.410	0.018	0.018	116.786	4.35,4.55,4.89	4.50,4.58,4.90	0	0	zip-scale-baseline-03.log
initial	baseline	03	0	500000	delete_end	488.377	0.004	0.004	51.036	4.35,4.55,4.89	4.50,4.58,4.90	0	0	zip-scale-baseline-03.log
initial	baseline	03	0	500000	rename_same_length	476.855	0.000	239.198	33.218	4.35,4.55,4.89	4.50,4.58,4.90	0	0	zip-scale-baseline-03.log
initial	baseline	03	0	500000	replace_file	494.185	0.005	328.587	63.694	4.35,4.55,4.89	4.50,4.58,4.90	0	0	zip-scale-baseline-03.log
initial	baseline	03	0	500000	add_file	481.761	0.000	278.046	61.116	4.35,4.55,4.89	4.50,4.58,4.90	0	0	zip-scale-baseline-03.log
initial	baseline	03	0	500000	new_folder	488.686	0.000	286.416	66.382	4.35,4.55,4.89	4.50,4.58,4.90	0	0	zip-scale-baseline-03.log
initial	baseline	03	0	500000	rename_1000	481.840	0.000	257.486	39.472	4.35,4.55,4.89	4.50,4.58,4.90	0	0	zip-scale-baseline-03.log
snapshot	after	00	1	500000	delete_start	490.783	0.029	0.029	125.300	4.86,4.74,4.89	5.14,4.80,4.91	0	0	zip-scale-final-after-00-warmup.log
snapshot	after	00	1	500000	delete_end	485.046	0.026	0.026	51.681	4.86,4.74,4.89	5.14,4.80,4.91	0	0	zip-scale-final-after-00-warmup.log
snapshot	after	00	1	500000	rename_same_length	485.008	0.000	27.886	32.132	4.86,4.74,4.89	5.14,4.80,4.91	0	0	zip-scale-final-after-00-warmup.log
snapshot	after	00	1	500000	replace_file	474.539	0.015	32.835	52.712	4.86,4.74,4.89	5.14,4.80,4.91	0	0	zip-scale-final-after-00-warmup.log
snapshot	after	00	1	500000	add_file	475.033	0.000	26.596	51.708	4.86,4.74,4.89	5.14,4.80,4.91	0	0	zip-scale-final-after-00-warmup.log
snapshot	after	00	1	500000	new_folder	477.025	0.000	27.923	52.394	4.86,4.74,4.89	5.14,4.80,4.91	0	0	zip-scale-final-after-00-warmup.log
snapshot	after	00	1	500000	rename_1000	476.679	0.000	287.337	44.787	4.86,4.74,4.89	5.14,4.80,4.91	0	0	zip-scale-final-after-00-warmup.log
snapshot	after	01	0	500000	delete_start	474.968	0.028	0.028	120.195	4.88,4.76,4.89	5.00,4.78,4.90	0	0	zip-scale-final-after-01.log
snapshot	after	01	0	500000	delete_end	483.407	0.023	0.023	48.612	4.88,4.76,4.89	5.00,4.78,4.90	0	0	zip-scale-final-after-01.log
snapshot	after	01	0	500000	rename_same_length	491.653	0.000	26.431	31.108	4.88,4.76,4.89	5.00,4.78,4.90	0	0	zip-scale-final-after-01.log
snapshot	after	01	0	500000	replace_file	490.327	0.019	30.962	58.130	4.88,4.76,4.89	5.00,4.78,4.90	0	0	zip-scale-final-after-01.log
snapshot	after	01	0	500000	add_file	487.149	0.000	26.841	51.687	4.88,4.76,4.89	5.00,4.78,4.90	0	0	zip-scale-final-after-01.log
snapshot	after	01	0	500000	new_folder	475.233	0.000	26.878	53.808	4.88,4.76,4.89	5.00,4.78,4.90	0	0	zip-scale-final-after-01.log
snapshot	after	01	0	500000	rename_1000	467.838	0.000	256.381	41.190	4.88,4.76,4.89	5.00,4.78,4.90	0	0	zip-scale-final-after-01.log
snapshot	after	02	0	500000	delete_start	484.789	0.023	0.023	120.782	4.99,4.79,4.90	4.53,4.70,4.87	0	0	zip-scale-final-after-02.log
snapshot	after	02	0	500000	delete_end	479.122	0.032	0.032	49.734	4.99,4.79,4.90	4.53,4.70,4.87	0	0	zip-scale-final-after-02.log
snapshot	after	02	0	500000	rename_same_length	479.232	0.000	26.168	31.510	4.99,4.79,4.90	4.53,4.70,4.87	0	0	zip-scale-final-after-02.log
snapshot	after	02	0	500000	replace_file	473.656	0.016	33.038	53.400	4.99,4.79,4.90	4.53,4.70,4.87	0	0	zip-scale-final-after-02.log
snapshot	after	02	0	500000	add_file	473.060	0.000	27.169	53.369	4.99,4.79,4.90	4.53,4.70,4.87	0	0	zip-scale-final-after-02.log
snapshot	after	02	0	500000	new_folder	478.885	0.000	28.171	53.920	4.99,4.79,4.90	4.53,4.70,4.87	0	0	zip-scale-final-after-02.log
snapshot	after	02	0	500000	rename_1000	481.200	0.000	274.313	41.584	4.99,4.79,4.90	4.53,4.70,4.87	0	0	zip-scale-final-after-02.log
snapshot	after	03	0	500000	delete_start	487.206	0.027	0.027	116.718	4.22,4.62,4.84	4.75,4.71,4.87	0	0	zip-scale-final-after-03.log
snapshot	after	03	0	500000	delete_end	478.605	0.024	0.024	51.386	4.22,4.62,4.84	4.75,4.71,4.87	0	0	zip-scale-final-after-03.log
snapshot	after	03	0	500000	rename_same_length	473.824	0.000	26.136	31.140	4.22,4.62,4.84	4.75,4.71,4.87	0	0	zip-scale-final-after-03.log
snapshot	after	03	0	500000	replace_file	480.699	0.024	32.318	53.902	4.22,4.62,4.84	4.75,4.71,4.87	0	0	zip-scale-final-after-03.log
snapshot	after	03	0	500000	add_file	476.209	0.000	27.249	53.924	4.22,4.62,4.84	4.75,4.71,4.87	0	0	zip-scale-final-after-03.log
snapshot	after	03	0	500000	new_folder	484.276	0.000	26.515	52.967	4.22,4.62,4.84	4.75,4.71,4.87	0	0	zip-scale-final-after-03.log
snapshot	after	03	0	500000	rename_1000	484.937	0.000	328.414	42.237	4.22,4.62,4.84	4.75,4.71,4.87	0	0	zip-scale-final-after-03.log
snapshot	baseline	00	1	500000	delete_start	491.804	0.006	0.006	124.090	4.55,4.68,4.87	4.86,4.74,4.89	0	0	zip-scale-final-baseline-00-warmup.log
snapshot	baseline	00	1	500000	delete_end	484.210	0.004	0.004	49.329	4.55,4.68,4.87	4.86,4.74,4.89	0	0	zip-scale-final-baseline-00-warmup.log
snapshot	baseline	00	1	500000	rename_same_length	487.382	0.000	266.979	33.366	4.55,4.68,4.87	4.86,4.74,4.89	0	0	zip-scale-final-baseline-00-warmup.log
snapshot	baseline	00	1	500000	replace_file	475.851	0.004	289.651	66.650	4.55,4.68,4.87	4.86,4.74,4.89	0	0	zip-scale-final-baseline-00-warmup.log
snapshot	baseline	00	1	500000	add_file	477.461	0.000	303.069	63.776	4.55,4.68,4.87	4.86,4.74,4.89	0	0	zip-scale-final-baseline-00-warmup.log
snapshot	baseline	00	1	500000	new_folder	484.616	0.000	276.508	67.359	4.55,4.68,4.87	4.86,4.74,4.89	0	0	zip-scale-final-baseline-00-warmup.log
snapshot	baseline	00	1	500000	rename_1000	483.762	0.000	251.203	39.473	4.55,4.68,4.87	4.86,4.74,4.89	0	0	zip-scale-final-baseline-00-warmup.log
snapshot	baseline	01	0	500000	delete_start	488.428	0.013	0.013	119.441	5.14,4.80,4.91	4.88,4.76,4.89	0	0	zip-scale-final-baseline-01.log
snapshot	baseline	01	0	500000	delete_end	488.895	0.004	0.004	50.984	5.14,4.80,4.91	4.88,4.76,4.89	0	0	zip-scale-final-baseline-01.log
snapshot	baseline	01	0	500000	rename_same_length	483.898	0.000	258.604	34.082	5.14,4.80,4.91	4.88,4.76,4.89	0	0	zip-scale-final-baseline-01.log
snapshot	baseline	01	0	500000	replace_file	481.514	0.004	243.491	62.797	5.14,4.80,4.91	4.88,4.76,4.89	0	0	zip-scale-final-baseline-01.log
snapshot	baseline	01	0	500000	add_file	471.379	0.000	226.486	60.946	5.14,4.80,4.91	4.88,4.76,4.89	0	0	zip-scale-final-baseline-01.log
snapshot	baseline	01	0	500000	new_folder	475.634	0.000	251.805	58.086	5.14,4.80,4.91	4.88,4.76,4.89	0	0	zip-scale-final-baseline-01.log
snapshot	baseline	01	0	500000	rename_1000	479.215	0.000	226.149	39.640	5.14,4.80,4.91	4.88,4.76,4.89	0	0	zip-scale-final-baseline-01.log
snapshot	baseline	02	0	500000	delete_start	481.773	0.015	0.015	120.953	5.00,4.78,4.90	4.99,4.79,4.90	0	0	zip-scale-final-baseline-02.log
snapshot	baseline	02	0	500000	delete_end	483.357	0.003	0.003	48.434	5.00,4.78,4.90	4.99,4.79,4.90	0	0	zip-scale-final-baseline-02.log
snapshot	baseline	02	0	500000	rename_same_length	475.841	0.000	223.538	32.872	5.00,4.78,4.90	4.99,4.79,4.90	0	0	zip-scale-final-baseline-02.log
snapshot	baseline	02	0	500000	replace_file	471.337	0.004	228.262	62.589	5.00,4.78,4.90	4.99,4.79,4.90	0	0	zip-scale-final-baseline-02.log
snapshot	baseline	02	0	500000	add_file	467.615	0.000	217.423	60.776	5.00,4.78,4.90	4.99,4.79,4.90	0	0	zip-scale-final-baseline-02.log
snapshot	baseline	02	0	500000	new_folder	474.997	0.000	215.035	61.070	5.00,4.78,4.90	4.99,4.79,4.90	0	0	zip-scale-final-baseline-02.log
snapshot	baseline	02	0	500000	rename_1000	475.310	0.000	222.043	40.111	5.00,4.78,4.90	4.99,4.79,4.90	0	0	zip-scale-final-baseline-02.log
snapshot	baseline	03	0	500000	delete_start	480.411	0.021	0.021	120.200	4.53,4.70,4.87	4.22,4.62,4.84	0	0	zip-scale-final-baseline-03.log
snapshot	baseline	03	0	500000	delete_end	488.558	0.002	0.002	50.190	4.53,4.70,4.87	4.22,4.62,4.84	0	0	zip-scale-final-baseline-03.log
snapshot	baseline	03	0	500000	rename_same_length	475.140	0.000	256.525	34.704	4.53,4.70,4.87	4.22,4.62,4.84	0	0	zip-scale-final-baseline-03.log
snapshot	baseline	03	0	500000	replace_file	470.425	0.003	293.904	62.564	4.53,4.70,4.87	4.22,4.62,4.84	0	0	zip-scale-final-baseline-03.log
snapshot	baseline	03	0	500000	add_file	465.399	0.000	243.036	61.250	4.53,4.70,4.87	4.22,4.62,4.84	0	0	zip-scale-final-baseline-03.log
snapshot	baseline	03	0	500000	new_folder	469.709	0.000	216.832	63.093	4.53,4.70,4.87	4.22,4.62,4.84	0	0	zip-scale-final-baseline-03.log
snapshot	baseline	03	0	500000	rename_1000	470.871	0.000	213.352	39.957	4.53,4.70,4.87	4.22,4.62,4.84	0	0	zip-scale-final-baseline-03.log
final	after	00	1	500000	delete_start	503.430	0.085	0.085	132.759	12.86,9.83,7.73	11.78,9.74,7.74	0	0	zip-scale-paths-after-00-warmup.log
final	after	00	1	500000	delete_end	487.708	0.043	0.043	51.310	12.86,9.83,7.73	11.78,9.74,7.74	0	0	zip-scale-paths-after-00-warmup.log
final	after	00	1	500000	rename_same_length	495.689	0.000	15.208	33.326	12.86,9.83,7.73	11.78,9.74,7.74	0	0	zip-scale-paths-after-00-warmup.log
final	after	00	1	500000	replace_file	479.709	0.016	17.612	56.719	12.86,9.83,7.73	11.78,9.74,7.74	0	0	zip-scale-paths-after-00-warmup.log
final	after	00	1	500000	add_file	482.119	0.000	10.914	54.337	12.86,9.83,7.73	11.78,9.74,7.74	0	0	zip-scale-paths-after-00-warmup.log
final	after	00	1	500000	new_folder	486.833	0.000	9.845	54.520	12.86,9.83,7.73	11.78,9.74,7.74	0	0	zip-scale-paths-after-00-warmup.log
final	after	00	1	500000	rename_1000	484.094	0.000	257.941	41.162	12.86,9.83,7.73	11.78,9.74,7.74	0	0	zip-scale-paths-after-00-warmup.log
final	after	01	0	500000	delete_start	495.122	0.029	0.029	125.103	10.82,9.60,7.71	9.92,9.45,7.68	0	0	zip-scale-paths-after-01.log
final	after	01	0	500000	delete_end	488.176	0.045	0.045	51.016	10.82,9.60,7.71	9.92,9.45,7.68	0	0	zip-scale-paths-after-01.log
final	after	01	0	500000	rename_same_length	486.481	0.000	9.951	32.375	10.82,9.60,7.71	9.92,9.45,7.68	0	0	zip-scale-paths-after-01.log
final	after	01	0	500000	replace_file	478.138	0.016	16.227	56.001	10.82,9.60,7.71	9.92,9.45,7.68	0	0	zip-scale-paths-after-01.log
final	after	01	0	500000	add_file	477.142	0.000	10.522	56.078	10.82,9.60,7.71	9.92,9.45,7.68	0	0	zip-scale-paths-after-01.log
final	after	01	0	500000	new_folder	482.553	0.000	10.840	53.756	10.82,9.60,7.71	9.92,9.45,7.68	0	0	zip-scale-paths-after-01.log
final	after	01	0	500000	rename_1000	484.492	0.000	248.004	42.944	10.82,9.60,7.71	9.92,9.45,7.68	0	0	zip-scale-paths-after-01.log
final	after	02	0	500000	delete_start	486.884	0.034	0.034	131.276	9.30,9.33,7.66	8.33,9.12,7.61	0	0	zip-scale-paths-after-02.log
final	after	02	0	500000	delete_end	488.454	0.025	0.025	52.576	9.30,9.33,7.66	8.33,9.12,7.61	0	0	zip-scale-paths-after-02.log
final	after	02	0	500000	rename_same_length	486.708	0.000	10.092	31.651	9.30,9.33,7.66	8.33,9.12,7.61	0	0	zip-scale-paths-after-02.log
final	after	02	0	500000	replace_file	467.552	0.028	14.994	59.022	9.30,9.33,7.66	8.33,9.12,7.61	0	0	zip-scale-paths-after-02.log
final	after	02	0	500000	add_file	479.187	0.000	10.270	55.202	9.30,9.33,7.66	8.33,9.12,7.61	0	0	zip-scale-paths-after-02.log
final	after	02	0	500000	new_folder	473.915	0.000	11.382	54.821	9.30,9.33,7.66	8.33,9.12,7.61	0	0	zip-scale-paths-after-02.log
final	after	02	0	500000	rename_1000	474.016	0.000	255.516	40.830	9.30,9.33,7.66	8.33,9.12,7.61	0	0	zip-scale-paths-after-02.log
final	after	03	0	500000	delete_start	489.178	0.030	0.030	128.578	7.99,9.02,7.59	7.98,8.98,7.60	0	0	zip-scale-paths-after-03.log
final	after	03	0	500000	delete_end	489.976	0.021	0.021	52.548	7.99,9.02,7.59	7.98,8.98,7.60	0	0	zip-scale-paths-after-03.log
final	after	03	0	500000	rename_same_length	489.892	0.000	10.347	33.589	7.99,9.02,7.59	7.98,8.98,7.60	0	0	zip-scale-paths-after-03.log
final	after	03	0	500000	replace_file	479.592	0.048	16.447	57.335	7.99,9.02,7.59	7.98,8.98,7.60	0	0	zip-scale-paths-after-03.log
final	after	03	0	500000	add_file	480.436	0.000	10.471	56.298	7.99,9.02,7.59	7.98,8.98,7.60	0	0	zip-scale-paths-after-03.log
final	after	03	0	500000	new_folder	482.725	0.000	10.193	54.571	7.99,9.02,7.59	7.98,8.98,7.60	0	0	zip-scale-paths-after-03.log
final	after	03	0	500000	rename_1000	482.389	0.000	283.950	47.477	7.99,9.02,7.59	7.98,8.98,7.60	0	0	zip-scale-paths-after-03.log
final	baseline	00	1	500000	delete_start	502.472	0.011	0.011	139.710	13.48,9.84,7.71	12.86,9.83,7.73	0	0	zip-scale-paths-baseline-00-warmup.log
final	baseline	00	1	500000	delete_end	489.042	0.003	0.003	49.623	13.48,9.84,7.71	12.86,9.83,7.73	0	0	zip-scale-paths-baseline-00-warmup.log
final	baseline	00	1	500000	rename_same_length	487.042	0.000	268.421	34.450	13.48,9.84,7.71	12.86,9.83,7.73	0	0	zip-scale-paths-baseline-00-warmup.log
final	baseline	00	1	500000	replace_file	473.801	0.003	307.730	68.649	13.48,9.84,7.71	12.86,9.83,7.73	0	0	zip-scale-paths-baseline-00-warmup.log
final	baseline	00	1	500000	add_file	472.538	0.000	300.019	65.775	13.48,9.84,7.71	12.86,9.83,7.73	0	0	zip-scale-paths-baseline-00-warmup.log
final	baseline	00	1	500000	new_folder	488.372	0.000	335.822	67.686	13.48,9.84,7.71	12.86,9.83,7.73	0	0	zip-scale-paths-baseline-00-warmup.log
final	baseline	00	1	500000	rename_1000	478.570	0.000	254.737	40.801	13.48,9.84,7.71	12.86,9.83,7.73	0	0	zip-scale-paths-baseline-00-warmup.log
final	baseline	01	0	500000	delete_start	505.088	0.014	0.014	126.905	11.78,9.74,7.74	10.82,9.60,7.71	0	0	zip-scale-paths-baseline-01.log
final	baseline	01	0	500000	delete_end	513.258	0.003	0.003	50.354	11.78,9.74,7.74	10.82,9.60,7.71	0	0	zip-scale-paths-baseline-01.log
final	baseline	01	0	500000	rename_same_length	497.982	0.000	279.173	33.779	11.78,9.74,7.74	10.82,9.60,7.71	0	0	zip-scale-paths-baseline-01.log
final	baseline	01	0	500000	replace_file	486.285	0.002	283.287	71.431	11.78,9.74,7.74	10.82,9.60,7.71	0	0	zip-scale-paths-baseline-01.log
final	baseline	01	0	500000	add_file	483.623	0.000	266.780	65.255	11.78,9.74,7.74	10.82,9.60,7.71	0	0	zip-scale-paths-baseline-01.log
final	baseline	01	0	500000	new_folder	487.079	0.000	280.098	64.531	11.78,9.74,7.74	10.82,9.60,7.71	0	0	zip-scale-paths-baseline-01.log
final	baseline	01	0	500000	rename_1000	487.786	0.000	243.367	41.373	11.78,9.74,7.74	10.82,9.60,7.71	0	0	zip-scale-paths-baseline-01.log
final	baseline	02	0	500000	delete_start	550.412	0.012	0.012	151.559	9.92,9.45,7.68	9.30,9.33,7.66	0	0	zip-scale-paths-baseline-02.log
final	baseline	02	0	500000	delete_end	491.241	0.004	0.004	52.853	9.92,9.45,7.68	9.30,9.33,7.66	0	0	zip-scale-paths-baseline-02.log
final	baseline	02	0	500000	rename_same_length	490.219	0.000	263.327	34.924	9.92,9.45,7.68	9.30,9.33,7.66	0	0	zip-scale-paths-baseline-02.log
final	baseline	02	0	500000	replace_file	479.997	0.004	292.132	63.233	9.92,9.45,7.68	9.30,9.33,7.66	0	0	zip-scale-paths-baseline-02.log
final	baseline	02	0	500000	add_file	478.256	0.000	284.938	64.662	9.92,9.45,7.68	9.30,9.33,7.66	0	0	zip-scale-paths-baseline-02.log
final	baseline	02	0	500000	new_folder	483.503	0.000	280.506	62.625	9.92,9.45,7.68	9.30,9.33,7.66	0	0	zip-scale-paths-baseline-02.log
final	baseline	02	0	500000	rename_1000	486.277	0.000	246.246	41.251	9.92,9.45,7.68	9.30,9.33,7.66	0	0	zip-scale-paths-baseline-02.log
final	baseline	03	0	500000	delete_start	488.434	0.016	0.016	125.528	8.33,9.12,7.61	7.99,9.02,7.59	0	0	zip-scale-paths-baseline-03.log
final	baseline	03	0	500000	delete_end	483.391	0.003	0.003	52.808	8.33,9.12,7.61	7.99,9.02,7.59	0	0	zip-scale-paths-baseline-03.log
final	baseline	03	0	500000	rename_same_length	493.500	0.000	262.694	32.500	8.33,9.12,7.61	7.99,9.02,7.59	0	0	zip-scale-paths-baseline-03.log
final	baseline	03	0	500000	replace_file	474.451	0.004	322.362	66.528	8.33,9.12,7.61	7.99,9.02,7.59	0	0	zip-scale-paths-baseline-03.log
final	baseline	03	0	500000	add_file	476.981	0.000	250.052	65.338	8.33,9.12,7.61	7.99,9.02,7.59	0	0	zip-scale-paths-baseline-03.log
final	baseline	03	0	500000	new_folder	485.038	0.000	298.524	66.121	8.33,9.12,7.61	7.99,9.02,7.59	0	0	zip-scale-paths-baseline-03.log
final	baseline	03	0	500000	rename_1000	484.856	0.000	254.371	40.073	8.33,9.12,7.61	7.99,9.02,7.59	0	0	zip-scale-paths-baseline-03.log
profile	after	01	0	500000	delete_start	490.189	0.036	0.036	122.707	3.77,4.49,4.78	3.65,4.44,4.76	1	0	profile-final.log
profile	after	01	0	500000	delete_end	486.719	0.023	0.023	48.338	3.77,4.49,4.78	3.65,4.44,4.76	1	0	profile-final.log
profile	after	01	0	500000	rename_same_length	486.940	0.000	26.639	31.369	3.77,4.49,4.78	3.65,4.44,4.76	1	0	profile-final.log
profile	after	01	0	500000	replace_file	477.256	0.015	33.030	52.360	3.77,4.49,4.78	3.65,4.44,4.76	1	0	profile-final.log
profile	after	01	0	500000	add_file	475.005	0.000	26.289	52.953	3.77,4.49,4.78	3.65,4.44,4.76	1	0	profile-final.log
profile	after	01	0	500000	new_folder	474.576	0.000	26.247	51.741	3.77,4.49,4.78	3.65,4.44,4.76	1	0	profile-final.log
profile	after	01	0	500000	rename_1000	477.572	0.000	270.286	41.336	3.77,4.49,4.78	3.65,4.44,4.76	1	0	profile-final.log
