corpus	threads	elapsed_s	wall_s	peak_rss_mib	output_bytes	delta_bytes	cmp	load_before_1_5_15	load_after_1_5_15
small	1	13.457	13.474	24.16	63200923	0	0	6.14,7.65,7.89	5.77,7.49,7.83
headers	1	6.457	6.464	20.83	23810406	0	0	5.77,7.49,7.83	5.95,7.50,7.83
text256.txt	1	4.656	4.664	16.39	139767721	0	0	5.95,7.50,7.83	5.71,7.42,7.80
random256.bin	1	3.778	3.787	20.09	268435516	0	0	5.71,7.42,7.80	5.81,7.42,7.80
small	2	3.321	3.329	28.59	63200923	0	0	5.81,7.42,7.80	5.75,7.38,7.78
headers	2	1.328	1.335	25.47	23810406	0	0	5.75,7.38,7.78	5.75,7.38,7.78
text256.txt	2	2.583	2.591	26.28	139767721	0	0	5.75,7.38,7.78	5.53,7.30,7.75
random256.bin	2	2.317	2.325	40.61	268435516	0	0	5.53,7.30,7.75	5.53,7.30,7.75
small	4	2.675	2.683	34.59	63200923	0	0	5.53,7.30,7.75	5.49,7.27,7.74
headers	4	1.155	1.162	34.23	23810406	0	0	5.49,7.27,7.74	5.49,7.27,7.74
text256.txt	4	1.321	1.329	41.62	139767721	0	0	5.49,7.27,7.74	5.49,7.27,7.74
random256.bin	4	1.451	1.459	45.14	268435516	0	0	5.49,7.27,7.74	5.45,7.23,7.72
small	8	2.677	2.686	31.06	63200923	0	0	5.45,7.23,7.72	5.45,7.23,7.72
headers	8	0.952	0.958	35.30	23810406	0	0	5.45,7.23,7.72	5.45,7.23,7.72
text256.txt	8	1.005	1.013	50.59	139767721	0	0	5.45,7.23,7.72	5.73,7.26,7.73
random256.bin	8	1.377	1.386	52.84	268435516	0	0	5.73,7.26,7.73	5.73,7.26,7.73
small	16	2.692	2.700	33.91	63200923	0	0	5.73,7.26,7.73	5.73,7.26,7.73
headers	16	0.915	0.923	38.30	23810406	0	0	8.23,7.75,7.90	8.23,7.75,7.90
text256.txt	16	1.062	1.070	55.28	139767721	0	0	8.23,7.75,7.90	8.23,7.75,7.90
random256.bin	16	1.376	1.386	72.88	268435516	0	0	8.23,7.75,7.90	8.23,7.75,7.90
