fixture	operation	engine	open_ms	mutate_ms	commit_ms	plan_ms	password_ms	scratch_encode_ms	scratch_copy_ms	packs_ms	header_ms	V1_ms	V2_ms	V3_ms	V3a_ms	output_bytes	load1	load5	load15
g_real	rename	updater	4.090	0.396	3.730	0.058	0.001	0.000	0.000	0.670	0.253	2.221	0.002	0.001	0.000	85726983.000	4.680	4.940	5.040
g_real	rename	rewriter	3.500	0.431	20288.893	0.000	0.000	0.000	0.000	0.000	0.000	0.000	0.000	0.000	0.000	85726983.000	9.420	6.270	5.530
g_real	last	updater	3.902	0.389	3.602	0.071	0.001	0.000	0.000	0.619	0.249	2.143	0.002	0.001	0.000	85724621.000	10.930	7.210	5.930
g_real	last	rewriter	3.491	0.435	20451.658	0.000	0.000	0.000	0.000	0.000	0.000	0.000	0.000	0.000	0.000	85724621.000	12.250	8.030	6.290
g_real	add	updater	4.048	0.608	3.709	0.055	0.001	0.000	0.000	0.391	0.253	2.163	0.002	0.032	0.000	85727048.000	12.120	8.750	6.680
g_real	add	rewriter	3.548	0.436	20407.369	0.000	0.000	0.000	0.000	0.000	0.000	0.000	0.000	0.000	0.000	85727048.000	12.750	9.510	7.050
g_real	first	updater	3.999	0.389	5.633	0.070	0.001	0.000	0.000	1.783	0.254	2.128	0.875	0.001	0.000	1582404.000	12.950	10.010	7.400
g_real	first	rewriter	3.458	0.428	77.562	0.000	0.000	0.000	0.000	0.000	0.000	0.000	0.000	0.000	0.000	1582404.000	12.950	10.010	7.400
g_real	middle	updater	4.064	0.402	4.741	0.073	0.001	0.000	0.000	1.254	0.258	2.170	0.461	0.001	0.000	85725455.000	12.710	10.010	7.410
g_real	middle	rewriter	3.408	0.424	20295.642	0.000	0.000	0.000	0.000	0.000	0.000	0.000	0.000	0.000	0.000	85725455.000	16.780	11.900	8.240
g_k100	rename	updater	397.734	46.499	306.665	5.124	0.052	0.028	0.000	5.408	23.878	219.719	0.082	0.164	0.032	6815829.000	13.460	11.770	8.440
g_k100	rename	rewriter	365.964	55.369	3780.388	0.000	0.000	0.000	0.000	0.000	0.000	0.000	0.000	0.000	0.000	6815829.000	15.310	12.260	8.660
g_k100	first	updater	390.731	45.825	392.479	6.710	0.052	0.027	0.000	33.709	23.554	219.063	57.774	0.146	0.032	6815765.000	14.100	12.100	8.660
g_k100	first	rewriter	365.158	54.957	3888.912	0.000	0.000	0.000	0.000	0.000	0.000	0.000	0.000	0.000	0.000	6815765.000	13.090	11.970	8.670
z_k100	rename	updater	351.127	46.186	384.423	0.421	0.000	0.000	0.000	2.288	187.355	175.520	0.007	0.097	0.000	228446.000	11.560	11.690	8.630
z_k100	rename	rewriter	341.779	54.732	4030.373	0.000	0.000	0.000	0.000	0.000	0.000	0.000	0.000	0.000	0.000	6815829.000	10.230	11.400	8.560
z_k100	first	updater	349.557	45.717	929.905	2.045	0.000	131.507	0.010	2.519	184.003	175.661	0.005	395.347	0.000	242042.000	9.670	11.220	8.540
z_k100	first	rewriter	344.196	55.092	5458.500	0.000	0.000	0.000	0.000	0.000	0.000	0.000	0.000	0.000	0.000	6815765.000	8.570	10.840	8.470
z_real_default	rename	updater	3.578	0.389	6.892	0.006	0.000	0.000	0.000	0.645	4.322	1.706	0.001	0.001	0.000	81364785.000	8.120	10.600	8.440
z_real_default	rename	rewriter	3.274	0.427	19160.082	0.000	0.000	0.000	0.000	0.000	0.000	0.000	0.000	0.000	0.000	85726983.000	8.790	10.460	8.480
z_real_default	first	updater	4.240	0.392	22104.895	0.023	0.000	20304.548	14.644	17.613	4.454	1.887	0.005	1773.316	0.000	85088977.000	9.010	10.070	8.550
z_real_default	first	rewriter	3.360	0.434	20416.675	0.000	0.000	0.000	0.000	0.000	0.000	0.000	0.000	0.000	0.000	85726075.000	11.280	10.580	8.920
plain256	set	updater	4.913	0.024	264.894	0.062	5.424	0.001	0.000	121.957	0.411	2.966	0.005	0.002	132.822	137292088.000	17.120	12.110	9.620
plain256	set	rewriter	4.166	0.004	20966.112	0.000	0.000	0.000	0.000	0.000	0.000	0.000	0.000	0.000	0.000	137292088.000	16.720	12.370	9.830
aes256	change	updater	5.577	0.051	471.596	0.160	103.393	0.000	0.000	232.224	0.410	2.907	0.004	0.002	131.989	137292088.000	15.050	13.100	10.330
aes256	change	rewriter	4.636	0.002	11123.486	0.000	0.000	0.000	0.000	0.000	0.000	0.000	0.000	0.000	0.000	137292088.000	13.950	12.980	10.330
aes256	remove	updater	5.560	0.050	266.417	0.059	96.504	0.001	0.000	155.645	0.305	2.452	0.006	0.002	10.943	137251576.000	12.170	12.630	10.330
aes256	remove	rewriter	4.694	0.002	11471.894	0.000	0.000	0.000	0.000	0.000	0.000	0.000	0.000	0.000	0.000	137251576.000	11.590	12.420	10.330
