tool	format	corpus	threads	wall_s	peak_rss_mib	user_s	output_bytes
gyoshuku-bench	zip	text	8	1.150	49.75	8.900	129410044
gyoshuku-bench	tar	text	1	0.040	8.78	0.000	268441600
gyoshuku-bench	tgz	text	8	1.140	45.56	8.890	129410025
gyoshuku-bench	tbz	text	8	1.880	132.11	13.030	102419182
gyoshuku-bench	txz	text	8	19.870	1100.64	157.750	85994772
gyoshuku-bench	7z	text	8	20.360	1095.52	161.640	85994117
gyoshuku-bench	lha	text	8	1.040	51.75	5.150	139767721
gyoshuku-bench	zip	random	8	0.500	49.34	3.810	268518797
gyoshuku-bench	tar	random	1	0.040	8.78	0.000	268441600
gyoshuku-bench	tgz	random	8	0.500	45.62	3.810	268518769
gyoshuku-bench	tbz	random	8	2.570	170.06	18.150	269625169
gyoshuku-bench	txz	random	8	7.000	1068.05	55.330	268448504
gyoshuku-bench	7z	random	8	7.000	1067.62	55.300	268447869
gyoshuku-bench	lha	random	8	1.460	47.36	4.690	268435516
gyoshuku-bench	zip	headers	8	1.030	34.00	1.400	23820040
gyoshuku-bench	tar	headers	1	0.720	15.66	0.300	111400960
gyoshuku-bench	tgz	headers	8	0.670	41.28	1.520	16300444
gyoshuku-bench	tbz	headers	8	1.130	115.72	5.280	12684520
gyoshuku-bench	txz	headers	8	2.530	526.83	14.700	12036580
gyoshuku-bench	7z	headers	8	4.190	266.81	10.170	21913990
gyoshuku-bench	lha	headers	8	1.060	34.92	1.880	23810406
gyoshuku-bench	zip	small	8	2.950	34.75	2.970	66456798
gyoshuku-bench	tar	small	1	2.740	23.36	1.220	143472640
gyoshuku-bench	tgz	small	8	2.450	39.81	4.470	53013061
gyoshuku-bench	tbz	small	8	2.580	75.77	6.680	40103975
gyoshuku-bench	txz	small	8	6.280	528.88	41.270	39353228
gyoshuku-bench	7z	small	8	3.510	178.22	15.180	66978862
gyoshuku-bench	lha	small	8	3.080	29.50	4.980	63200923
