7Z-SCALE-PROCESS	pid=6207	outputs=$SP/p6acc/B/GyoshukuKit/.build/verification/7z-scale
7Z-SCALE	fixture	operation	engine	repeat	open_ms	mutate_ms	commit_ms	plan_ms	password_ms	scratch_encode_ms	scratch_copy_ms	packs_ms	header_ms	V1_ms	V2_ms	V3_ms	V3a_ms	output_bytes	load1	load5	load15
7Z-SCALE	z_k100	first	updater	0	362.342	46.545	928.688	30.297	0.000	130.702	0.008	2.788	186.840	181.318	0.007	384.557	0.000	242042	8.98	14.53	16.33
7Z-SCALE	z_k100	first	updater	1	358.229	46.977	946.015	30.557	0.000	132.891	0.008	2.459	187.004	181.226	0.005	399.553	0.000	242042	8.58	14.35	16.26
7Z-SCALE	z_k100	first	updater	2	357.526	46.709	948.514	30.724	0.000	134.054	0.011	2.665	185.557	180.851	0.004	402.519	0.000	242042	8.58	14.35	16.26
7Z-SCALE	z_k100	first	updater	3	354.112	47.127	940.805	28.239	0.000	133.919	0.010	2.480	187.122	178.673	0.005	398.684	0.000	242042	8.58	14.35	16.26
7Z-SCALE	z_k100	first	updater	4	355.483	46.944	942.297	28.827	0.000	133.995	0.007	2.518	188.128	177.390	0.005	399.401	0.000	242042	8.58	14.35	16.26
7Z-SCALE-MEDIAN	z_k100	first	updater	open_ms=357.526	commit_ms=942.297
7Z-SCALE	z_k100	first	rewriter	0	343.880	55.446	3797.767	0.000	0.000	0.000	0.000	0.000	0.000	0.000	0.000	0.000	0.000	6815765	8.06	14.15	16.18
7Z-SCALE	z_k100	first	rewriter	1	346.804	54.727	3795.852	0.000	0.000	0.000	0.000	0.000	0.000	0.000	0.000	0.000	0.000	6815765	8.06	14.15	16.18
7Z-SCALE	z_k100	first	rewriter	2	346.684	55.693	3845.609	0.000	0.000	0.000	0.000	0.000	0.000	0.000	0.000	0.000	0.000	6815765	7.65	13.96	16.10
7Z-SCALE	z_k100	first	rewriter	3	341.704	56.342	3830.149	0.000	0.000	0.000	0.000	0.000	0.000	0.000	0.000	0.000	0.000	6815765	8.16	13.96	16.09
7Z-SCALE	z_k100	first	rewriter	4	346.800	55.145	3795.328	0.000	0.000	0.000	0.000	0.000	0.000	0.000	0.000	0.000	0.000	6815765	8.23	13.88	16.04
7Z-SCALE-MEDIAN	z_k100	first	rewriter	open_ms=346.684	commit_ms=3797.767
