7Z-SCALE-PROCESS	pid=5977	outputs=$SP/p6acc/B/GyoshukuKit/.build/verification/7z-scale
7Z-SCALE	fixture	operation	engine	repeat	open_ms	mutate_ms	commit_ms	plan_ms	password_ms	scratch_encode_ms	scratch_copy_ms	packs_ms	header_ms	V1_ms	V2_ms	V3_ms	V3a_ms	output_bytes	load1	load5	load15
7Z-SCALE	g_k100	first	updater	0	407.488	46.490	415.401	35.618	0.052	0.029	0.000	35.964	23.498	229.518	59.926	0.152	0.031	6815765	6.93	16.39	17.13
7Z-SCALE	g_k100	first	updater	1	404.320	47.450	409.655	36.167	0.052	0.030	0.000	34.889	23.690	227.941	60.168	0.143	0.031	6815765	6.53	16.15	17.04
7Z-SCALE	g_k100	first	updater	2	404.322	46.331	404.826	32.805	0.052	0.029	0.000	34.591	23.229	228.952	59.569	0.142	0.031	6815765	6.53	16.15	17.04
7Z-SCALE	g_k100	first	updater	3	397.966	46.437	399.452	32.499	0.054	0.027	0.000	35.414	23.822	220.800	60.764	0.145	0.031	6815765	6.53	16.15	17.04
7Z-SCALE	g_k100	first	updater	4	399.734	46.062	394.175	32.067	0.060	0.029	0.000	34.529	23.500	217.928	60.011	0.205	0.032	6815765	6.53	16.15	17.04
7Z-SCALE-MEDIAN	g_k100	first	updater	open_ms=404.320	commit_ms=404.826
7Z-SCALE	g_k100	first	rewriter	0	366.833	56.324	3775.608	0.000	0.000	0.000	0.000	0.000	0.000	0.000	0.000	0.000	0.000	6815765	6.53	16.15	17.04
7Z-SCALE	g_k100	first	rewriter	1	367.555	55.413	3773.923	0.000	0.000	0.000	0.000	0.000	0.000	0.000	0.000	0.000	0.000	6815765	6.57	15.99	16.98
7Z-SCALE	g_k100	first	rewriter	2	365.383	55.356	3874.909	0.000	0.000	0.000	0.000	0.000	0.000	0.000	0.000	0.000	0.000	6815765	6.76	15.88	16.94
7Z-SCALE	g_k100	first	rewriter	3	369.380	55.259	3871.474	0.000	0.000	0.000	0.000	0.000	0.000	0.000	0.000	0.000	0.000	6815765	6.86	15.75	16.88
7Z-SCALE	g_k100	first	rewriter	4	367.968	55.864	3885.071	0.000	0.000	0.000	0.000	0.000	0.000	0.000	0.000	0.000	0.000	6815765	7.19	15.67	16.85
7Z-SCALE-MEDIAN	g_k100	first	rewriter	open_ms=367.555	commit_ms=3871.474
